dataset,seed,rare_train_size,rare_class,split_mode,run_dir,backbone,representation,alpha,tosica_cutoff,status,error_reason,n_hvg,n_classes,n_labeled_train,n_labeled_rare,n_validation,n_test,n_validation_unknown,n_test_unknown,separability,baseline_rare_f1,baseline_rare_recall,baseline_rare_precision,refined_rare_f1,refined_rare_recall,refined_rare_precision,delta_rare_f1,delta_rare_recall,true_rescues,false_rescues,all_rescues,rescue_precision,rescue_fdp,incremental_fpr,rescue_ffr,alpha_violation,abstain,abstain_reason,chosen_rank,tau,val_missed,n_candidate,wall_time_seconds,labeled_train_id_sha256,hvg_sha256
immune_dc,42,0.01,ASDC,batch_heldout,outputs\immune_dc\batch_heldout_seed42_asdc_rare1pct,TOSICA,native_48d_cls_latent,0.01,0.1,success,,3000,6,11019,5,5862,6134,0,0,11.234334352376365,0.5361702127659574,0.4846153846153846,0.6,0.5560165975103735,0.5153846153846153,0.6036036036036037,0.019846384744416024,0.030769230769230715,4,2,6,0.6666666666666666,0.33333333333333337,0.00033311125916055963,0.00033311125916055963,False,False,rescue_applied,1,0.02894072569988134,56,6,857.3358199999993,f8b21a185d9ca90f4734ac46a6a87b0ef1d72ff456886daddeba4fe2fd0897af,87414cf312dd09d2dfe11b126c039eb4620eb483291da59515befac816c5e83e
immune_dc,42,0.05,ASDC,batch_heldout,outputs\immune_dc\batch_heldout_seed42_asdc_rare5pct,TOSICA,native_48d_cls_latent,0.01,0.1,success,,3000,6,11027,13,5862,6134,0,0,17.70919787920855,0.4260355029585799,0.27692307692307694,0.9230769230769231,0.4624277456647399,0.3076923076923077,0.9302325581395349,0.03639224270615998,0.03076923076923077,4,0,4,1.0,0.0,0.0,0.0,False,False,rescue_applied,1,1.0382711709208067e-08,86,4,885.5764409000003,3409ba5ca909c4d9ef3545ebd89ee2933a05f564dc7c3f43d1f3daca6730014b,87414cf312dd09d2dfe11b126c039eb4620eb483291da59515befac816c5e83e
immune_dc,42,0.10,ASDC,batch_heldout,outputs\immune_dc\batch_heldout_seed42_asdc_rare10pct,TOSICA,native_48d_cls_latent,0.01,0.1,success,,3000,6,11041,27,5862,6134,0,0,18.356308425805505,0.6666666666666666,0.5076923076923077,0.9705882352941176,0.6666666666666666,0.5076923076923077,0.9705882352941176,0.0,0.0,0,0,0,,,0.0,0.0,False,False,rescue_applied,1,4.245589963303567e-08,59,0,952.1796620000005,c55089535247d945cb53df89c951f61236c5f71010cfc2f3409b968c42a4fa6f,87414cf312dd09d2dfe11b126c039eb4620eb483291da59515befac816c5e83e
immune_dc,42,all,ASDC,batch_heldout,outputs\immune_dc\batch_heldout_seed42_asdc_rareall,TOSICA,native_48d_cls_latent,0.01,0.1,success,,3000,6,11291,277,5862,6134,0,0,5.762672563978634,0.8784313725490196,0.8615384615384616,0.896,0.8828125,0.8692307692307693,0.8968253968253969,0.004381127450980404,0.007692307692307665,1,0,1,1.0,0.0,0.0,0.0,False,False,rescue_applied,1,0.0384942471102428,21,1,928.7102059999997,77756ca485b7c7e3c8aebab51828128c47f124e962784da01174c6485baf3431,87414cf312dd09d2dfe11b126c039eb4620eb483291da59515befac816c5e83e
pancreas_baron,42,0.01,gamma,batch_heldout,outputs\pancreas_baron\batch_heldout_seed42_gamma_rare1pct,TOSICA,native_48d_cls_latent,0.01,0.1,success,,2000,14,5441,5,1303,1724,0,0,20.41740861258745,0.0,0.0,0.0,0.0,0.0,0.0,0.0,0.0,0,0,0,,,0.0,0.0,False,False,rescue_applied,1,1.6614598225874474e-09,63,0,713.5267473000004,2aab94d05579a373b307bfac1da9f152c8f87b0dea8787d5a98b1265db99788b,4f69eeed8143d3fd19185d5f329b6e836b02940c569c24d23120d3a6565aa85c
pancreas_baron,42,0.05,gamma,batch_heldout,outputs\pancreas_baron\batch_heldout_seed42_gamma_rare5pct,TOSICA,native_48d_cls_latent,0.01,0.1,success,,2000,14,5441,5,1303,1724,0,0,20.41740861258745,0.0,0.0,0.0,0.0,0.0,0.0,0.0,0.0,0,0,0,,,0.0,0.0,False,False,rescue_applied,1,1.6614598225874474e-09,63,0,707.0415009000008,2aab94d05579a373b307bfac1da9f152c8f87b0dea8787d5a98b1265db99788b,4f69eeed8143d3fd19185d5f329b6e836b02940c569c24d23120d3a6565aa85c
pancreas_baron,42,0.10,gamma,batch_heldout,outputs\pancreas_baron\batch_heldout_seed42_gamma_rare10pct,TOSICA,native_48d_cls_latent,0.01,0.1,success,,2000,14,5446,10,1303,1724,0,0,2.262667528606785,0.20618556701030927,0.11627906976744186,0.9090909090909091,0.23529411764705882,0.13953488372093023,0.75,0.029108550636749553,0.023255813953488372,2,3,5,0.4,0.6,0.0018315018315018315,0.0018315018315018315,False,False,rescue_applied,1,0.020525280657229132,59,12,710.7166381000006,236c877f8f51daf61be4c43cd7c7cce188c14bc425807d693c8beee6155a61e2,4f69eeed8143d3fd19185d5f329b6e836b02940c569c24d23120d3a6565aa85c
pancreas_baron,42,all,gamma,batch_heldout,outputs\pancreas_baron\batch_heldout_seed42_gamma_rareall,TOSICA,native_48d_cls_latent,0.01,0.1,success,,2000,14,5542,106,1303,1724,0,0,0.9320178161521213,0.33112582781456956,0.29069767441860467,0.38461538461538464,0.33112582781456956,0.29069767441860467,0.38461538461538464,0.0,0.0,0,0,0,,,0.0,0.0,False,True,sep<1.3,0,inf,0,0,710.6032200000009,0666411d1ea8a2d0f58c73e7cc96c456b4745b52f5a61be52bde07a3d9c88622,4f69eeed8143d3fd19185d5f329b6e836b02940c569c24d23120d3a6565aa85c
pancreas_integrated,42,0.01,endothelial,batch_heldout,outputs\pancreas_integrated\batch_heldout_seed42_endothelial_rare1pct,TOSICA,native_48d_cls_latent,0.01,0.1,success,,2000,14,7698,5,1303,1724,0,0,11.947602741639063,0.5161290322580645,0.34782608695652173,1.0,0.5625,0.391304347826087,1.0,0.0463709677419355,0.043478260869565244,1,0,1,1.0,0.0,0.0,0.0,False,False,rescue_applied,1,1.3098341635477068e-05,6,1,1020.6772077000005,99784b13d007d8ad6e5d41f301fcd6b0423fd885d02a6bda0c08f74245b314bf,534efdde5107acc99d79e46163017f73af4f6103c8bb5dcb9d9812c1c8ac09dd
pancreas_integrated,42,0.05,endothelial,batch_heldout,outputs\pancreas_integrated\batch_heldout_seed42_endothelial_rare5pct,TOSICA,native_48d_cls_latent,0.01,0.1,success,,2000,14,7705,12,1303,1724,0,0,13.88786895161088,1.0,1.0,1.0,1.0,1.0,1.0,0.0,0.0,0,0,0,,,0.0,0.0,False,True,val_missed=1 < MIN_VAL_MISSED=3,0,inf,1,0,984.7832175999993,a1133b3601e0df77b99a86ba30efaaa374bc87de0e975acfc79ae637ed8d6719,534efdde5107acc99d79e46163017f73af4f6103c8bb5dcb9d9812c1c8ac09dd
pancreas_integrated,42,0.10,endothelial,batch_heldout,outputs\pancreas_integrated\batch_heldout_seed42_endothelial_rare10pct,TOSICA,native_48d_cls_latent,0.01,0.1,success,,2000,14,7717,24,1303,1724,0,0,9.104051654973953,0.9583333333333334,1.0,0.92,0.9583333333333334,1.0,0.92,0.0,0.0,0,0,0,,,0.0,0.0,False,True,val baseline 零漏判稀有,0,inf,0,0,989.8047177000008,66f30eceab155228e087942c19dc6d15dba446d277eb1ea4ec2082688eff3fb0,534efdde5107acc99d79e46163017f73af4f6103c8bb5dcb9d9812c1c8ac09dd
pancreas_integrated,42,all,endothelial,batch_heldout,outputs\pancreas_integrated\batch_heldout_seed42_endothelial_rareall,TOSICA,native_48d_cls_latent,0.01,0.1,success,,2000,14,7936,243,1303,1724,0,0,5.244879330800664,0.9019607843137255,1.0,0.8214285714285714,0.9019607843137255,1.0,0.8214285714285714,0.0,0.0,0,0,0,,,0.0,0.0,False,True,val baseline 零漏判稀有,0,inf,0,0,982.3551920000027,cce231a3bc4a97b59a0c14891907f4733d10dee2169b67d23ea5bd1f452ea2b5,534efdde5107acc99d79e46163017f73af4f6103c8bb5dcb9d9812c1c8ac09dd
tabula_lung_endo,42,0.01,endothelial cell of lymphatic vessel,batch_heldout,outputs\tabula_lung_endo\batch_heldout_seed42_endothelial_cell_of_lymphatic_vessel_rare1pct,TOSICA,native_48d_cls_latent,0.01,0.1,success,,2000,4,7261,5,887,1781,0,0,129.56127382457865,0.8531468531468531,0.9384615384615385,0.782051282051282,0.8531468531468531,0.9384615384615385,0.782051282051282,0.0,0.0,0,0,0,,,0.0,0.0,False,True,val baseline 零漏判稀有,0,inf,0,0,172.6028402999982,a49c99e6988ccea8ecb4a91c2d123e8750245ba60eda97616b3b04281762413b,cc44535947ba676170c9e01a3eb3584689858d1277720c7a38311b27428a87e0
tabula_lung_endo,42,0.05,endothelial cell of lymphatic vessel,batch_heldout,outputs\tabula_lung_endo\batch_heldout_seed42_endothelial_cell_of_lymphatic_vessel_rare5pct,TOSICA,native_48d_cls_latent,0.01,0.1,success,,2000,4,7266,10,887,1781,0,0,82.90257903749148,0.9078014184397163,0.9846153846153847,0.8421052631578947,0.9078014184397163,0.9846153846153847,0.8421052631578947,0.0,0.0,0,0,0,,,0.0,0.0,False,True,val_missed=2 < MIN_VAL_MISSED=3,0,inf,2,0,166.72134089999963,4d69cfbb53b13e443ec9e8c95fe9821ed4928a90f71e353a3da6cdbeb669b571,cc44535947ba676170c9e01a3eb3584689858d1277720c7a38311b27428a87e0
tabula_lung_endo,42,0.10,endothelial cell of lymphatic vessel,batch_heldout,outputs\tabula_lung_endo\batch_heldout_seed42_endothelial_cell_of_lymphatic_vessel_rare10pct,TOSICA,native_48d_cls_latent,0.01,0.1,success,,2000,4,7276,20,887,1781,0,0,31.230552812513825,0.9130434782608695,0.9692307692307692,0.863013698630137,0.9130434782608695,0.9692307692307692,0.863013698630137,0.0,0.0,0,0,0,,,0.0,0.0,False,True,val baseline 零漏判稀有,0,inf,0,0,166.5193736000001,c9049ab2873880e4e211801dc6bc630913a62c93353569c9b1e003d412bb4c96,cc44535947ba676170c9e01a3eb3584689858d1277720c7a38311b27428a87e0
tabula_lung_endo,42,all,endothelial cell of lymphatic vessel,batch_heldout,outputs\tabula_lung_endo\batch_heldout_seed42_endothelial_cell_of_lymphatic_vessel_rareall,TOSICA,native_48d_cls_latent,0.01,0.1,success,,2000,4,7464,208,887,1781,0,0,14.57224512594426,0.9285714285714286,1.0,0.8666666666666667,0.9285714285714286,1.0,0.8666666666666667,0.0,0.0,0,0,0,,,0.0,0.0,False,True,val baseline 零漏判稀有,0,inf,0,0,166.10003169999982,17b29c045ed224264b746ad8a165947b4c62ea9870e65a66d6c3ef561193b543,cc44535947ba676170c9e01a3eb3584689858d1277720c7a38311b27428a87e0
tabula_sapiens_stomach,42,0.01,mast cell,batch_heldout,outputs\tabula_sapiens_stomach\batch_heldout_seed42_mast_cell_rare1pct,TOSICA,native_48d_cls_latent,0.01,0.1,success,,3000,19,14230,5,9212,9575,0,0,113.37635902105539,0.13793103448275862,0.125,0.15384615384615385,0.14925373134328357,0.15625,0.14285714285714285,0.01132269686052495,0.03125,1,8,9,0.1111111111111111,0.8888888888888888,0.0008383108037304831,0.0008383108037304831,False,False,rescue_applied,1,4.5373782955465575e-42,587,9,712.7060501999986,27fdb0eb314150ed68edc80840cf9c1b774623612ce303b32cfcfe5745467734,94d2e4551e4f4eaf65baf48787fd6e86f5d02bd107e374e380f6fe389b480135
tabula_sapiens_stomach,42,0.05,mast cell,batch_heldout,outputs\tabula_sapiens_stomach\batch_heldout_seed42_mast_cell_rare5pct,TOSICA,native_48d_cls_latent,0.01,0.1,success,,3000,19,14230,5,9212,9575,0,0,113.37635902105539,0.13793103448275862,0.125,0.15384615384615385,0.14925373134328357,0.15625,0.14285714285714285,0.01132269686052495,0.03125,1,8,9,0.1111111111111111,0.8888888888888888,0.0008383108037304831,0.0008383108037304831,False,False,rescue_applied,1,4.5373782955465575e-42,587,9,709.6718323999994,27fdb0eb314150ed68edc80840cf9c1b774623612ce303b32cfcfe5745467734,94d2e4551e4f4eaf65baf48787fd6e86f5d02bd107e374e380f6fe389b480135
tabula_sapiens_stomach,42,0.10,mast cell,batch_heldout,outputs\tabula_sapiens_stomach\batch_heldout_seed42_mast_cell_rare10pct,TOSICA,native_48d_cls_latent,0.01,0.1,success,,3000,19,14230,5,9212,9575,0,0,113.37635902105539,0.13793103448275862,0.125,0.15384615384615385,0.14925373134328357,0.15625,0.14285714285714285,0.01132269686052495,0.03125,1,8,9,0.1111111111111111,0.8888888888888888,0.0008383108037304831,0.0008383108037304831,False,False,rescue_applied,1,4.5373782955465575e-42,587,9,707.3587170999999,27fdb0eb314150ed68edc80840cf9c1b774623612ce303b32cfcfe5745467734,94d2e4551e4f4eaf65baf48787fd6e86f5d02bd107e374e380f6fe389b480135
tabula_sapiens_stomach,42,all,mast cell,batch_heldout,outputs\tabula_sapiens_stomach\batch_heldout_seed42_mast_cell_rareall,TOSICA,native_48d_cls_latent,0.01,0.1,success,,3000,19,14277,52,9212,9575,0,0,19.928810210790086,0.066006600660066,0.3125,0.03690036900369004,0.03398692810457516,0.40625,0.017735334242837655,-0.03201967255549084,0.09375,3,459,462,0.006493506493506494,0.9935064935064936,0.04809808236403647,0.04809808236403647,True,False,rescue_applied,2,2.264738147730065e-06,231,649,701.5648316000006,2844e365326702c23e0966928bb0ca16a1b754432129c56f9264054ebe6d60f3,94d2e4551e4f4eaf65baf48787fd6e86f5d02bd107e374e380f6fe389b480135
tabula_small_intestine,42,0.01,intestinal tuft cell,batch_heldout,outputs\tabula_small_intestine\batch_heldout_seed42_intestinal_tuft_cell_rare1pct,TOSICA,native_48d_cls_latent,0.01,0.1,success,,3000,34,23972,5,9715,6353,0,0,44.53108449717598,0.16216216216216217,0.18461538461538463,0.14457831325301204,0.08955223880597014,0.36923076923076925,0.050955414012738856,-0.07260992335619203,0.18461538461538463,12,376,388,0.030927835051546393,0.9690721649484536,0.05979643765903308,0.05979643765903308,True,False,rescue_applied,2,4.5651361824178124e-17,53,435,1553.5080041999972,7a9c11d6af7c89e3ca562999f963c169d1ff0a07db9af310a30f6c6fa6ca0edd,8bdd12b8e97ce6ea4040e102b759e8377e3fe0ac6972ced5b59801976e3b4f5d
tabula_small_intestine,42,0.05,intestinal tuft cell,batch_heldout,outputs\tabula_small_intestine\batch_heldout_seed42_intestinal_tuft_cell_rare5pct,TOSICA,native_48d_cls_latent,0.01,0.1,success,,3000,34,23982,15,9715,6353,0,0,10.311123689067449,0.4,0.26153846153846155,0.85,0.46153846153846156,0.3230769230769231,0.8076923076923077,0.06153846153846154,0.06153846153846154,4,2,6,0.6666666666666666,0.33333333333333337,0.0003180661577608143,0.0003180661577608143,False,False,rescue_applied,1,0.00010136275272280438,41,6,1555.6238067999984,4d7727345e5206c2669ed4c51d8f31b577e24ab6bf8cb27aee64359526a3ba27,8bdd12b8e97ce6ea4040e102b759e8377e3fe0ac6972ced5b59801976e3b4f5d
tabula_small_intestine,42,0.10,intestinal tuft cell,batch_heldout,outputs\tabula_small_intestine\batch_heldout_seed42_intestinal_tuft_cell_rare10pct,TOSICA,native_48d_cls_latent,0.01,0.1,success,,3000,34,23998,31,9715,6353,0,0,9.225451844384558,0.3442622950819672,0.3230769230769231,0.3684210526315789,0.3673469387755102,0.4153846153846154,0.32926829268292684,0.023084643693543017,0.09230769230769231,6,19,25,0.24,0.76,0.0030216284987277355,0.0030216284987277355,False,False,rescue_applied,1,0.000480746969139375,26,25,1545.7339900999978,3c976a59ddb3c42e6ce21b60706aa30375b68c407b1454d9225df26ac5834a9a,8bdd12b8e97ce6ea4040e102b759e8377e3fe0ac6972ced5b59801976e3b4f5d
tabula_small_intestine,42,all,intestinal tuft cell,batch_heldout,outputs\tabula_small_intestine\batch_heldout_seed42_intestinal_tuft_cell_rareall,TOSICA,native_48d_cls_latent,0.01,0.1,success,,3000,34,24282,315,9715,6353,0,0,4.176112659754471,0.3575418994413408,0.9846153846153847,0.21843003412969283,0.3575418994413408,0.9846153846153847,0.21843003412969283,0.0,0.0,0,0,0,,,0.0,0.0,False,True,val baseline 零漏判稀有,0,inf,0,0,1552.1087125000013,77a57ace4364e41edb470a3f79b22a59a5123fff10c6b24a702bf29f37033533,8bdd12b8e97ce6ea4040e102b759e8377e3fe0ac6972ced5b59801976e3b4f5d
mouse_lung_tms_10x,42,0.01,vein endothelial cell,batch_heldout,outputs\mouse_lung_tms_10x\batch_heldout_seed42_vein_endothelial_cell_rare1pct,TOSICA,native_48d_cls_latent,0.01,0.1,success,,2000,29,21377,5,1584,1367,0,0,43.477032297381086,0.0,0.0,0.0,0.0,0.0,0.0,0.0,0.0,0,0,0,,,0.0,0.0,False,False,rescue_applied,1,6.3630349899191695e-21,56,0,6318.646769999999,7d8cf66057486f62c243836cc5a3a11dd91217b031adea13f38f20942cc8fc75,531e0e60099370cdac1df4c791a0b0776c1dddddd3312f7ad44a8dc9a660a350
mouse_lung_tms_10x,42,0.05,vein endothelial cell,batch_heldout,outputs\mouse_lung_tms_10x\batch_heldout_seed42_vein_endothelial_cell_rare5pct,TOSICA,native_48d_cls_latent,0.01,0.1,success,,2000,29,21382,10,1584,1367,0,0,27.15451552995238,0.1111111111111111,0.058823529411764705,1.0,0.24615384615384617,0.1568627450980392,0.5714285714285714,0.13504273504273506,0.09803921568627451,5,6,11,0.45454545454545453,0.5454545454545454,0.004559270516717325,0.004559270516717325,False,False,rescue_applied,2,2.538714353912393e-11,53,14,6418.443404699996,83ceca36cf7b72f2bbffe02fabe6d6e80dce7943f6af67d3f758f389cfe13122,531e0e60099370cdac1df4c791a0b0776c1dddddd3312f7ad44a8dc9a660a350
mouse_lung_tms_10x,42,0.10,vein endothelial cell,batch_heldout,outputs\mouse_lung_tms_10x\batch_heldout_seed42_vein_endothelial_cell_rare10pct,TOSICA,native_48d_cls_latent,0.01,0.1,success,,2000,29,21393,21,1584,1367,0,0,26.85339679361358,0.17857142857142858,0.09803921568627451,1.0,0.2413793103448276,0.13725490196078433,1.0,0.06280788177339902,0.03921568627450982,2,0,2,1.0,0.0,0.0,0.0,False,False,rescue_applied,1,3.4123801666814226e-10,53,2,6554.181707199998,a097de8b40b7d6d34b2eb0a619d03d0de9dcc96fd0845636e6deb0e6004ed69b,531e0e60099370cdac1df4c791a0b0776c1dddddd3312f7ad44a8dc9a660a350
mouse_lung_tms_10x,42,all,vein endothelial cell,batch_heldout,outputs\mouse_lung_tms_10x\batch_heldout_seed42_vein_endothelial_cell_rareall,TOSICA,native_48d_cls_latent,0.01,0.1,success,,2000,29,21585,213,1584,1367,0,0,13.968462988842566,0.7789473684210526,0.7254901960784313,0.8409090909090909,0.84,0.8235294117647058,0.8571428571428571,0.06105263157894736,0.0980392156862745,5,0,5,1.0,0.0,0.0,0.0,False,False,rescue_applied,1,0.0020554842650244228,16,5,6154.288017300001,9bbc5fde846c8df4f0d22545b7c9818cee9d4b79e79d0491594e84b78a3e0f63,531e0e60099370cdac1df4c791a0b0776c1dddddd3312f7ad44a8dc9a660a350
mouse_pancreas_tms_10x,42,0.01,pancreatic D cell,batch_heldout,outputs\mouse_pancreas_tms_10x\batch_heldout_seed42_pancreatic_d_cell_rare1pct,TOSICA,native_48d_cls_latent,0.01,0.1,success,,2000,9,4652,5,445,935,0,0,26.596270972423532,0.32941176470588235,0.19718309859154928,1.0,0.3488372093023256,0.2112676056338028,1.0,0.019425444596443242,0.01408450704225353,1,0,1,1.0,0.0,0.0,0.0,False,False,rescue_applied,1,1.2508146437388687e-09,25,1,553.3484488999966,d0abff585fae3cdb9abd8b1646cb7d65e4cb532b8f1da881fd54b36b8e0c70c2,c17501aab517449659b3c3c001fd748335d1e953c47b4c65cc90e87c0c6f0a58
mouse_pancreas_tms_10x,42,0.05,pancreatic D cell,batch_heldout,outputs\mouse_pancreas_tms_10x\batch_heldout_seed42_pancreatic_d_cell_rare5pct,TOSICA,native_48d_cls_latent,0.01,0.1,success,,2000,9,4655,8,445,935,0,0,55.69139027368674,0.1794871794871795,0.09859154929577464,1.0,0.1794871794871795,0.09859154929577464,1.0,0.0,0.0,0,0,0,,,0.0,0.0,False,False,rescue_applied,1,3.35930511245418e-25,24,0,542.3159541999994,76952e7be02ae062a8af5778326026329d1db768aefafdd7de900b019b7a2eb7,c17501aab517449659b3c3c001fd748335d1e953c47b4c65cc90e87c0c6f0a58
mouse_pancreas_tms_10x,42,0.10,pancreatic D cell,batch_heldout,outputs\mouse_pancreas_tms_10x\batch_heldout_seed42_pancreatic_d_cell_rare10pct,TOSICA,native_48d_cls_latent,0.01,0.1,success,,2000,9,4664,17,445,935,0,0,22.47949362955901,0.5052631578947369,0.3380281690140845,1.0,0.7130434782608696,0.5774647887323944,0.9318181818181818,0.2077803203661327,0.23943661971830987,17,3,20,0.85,0.15000000000000002,0.003472222222222222,0.003472222222222222,False,False,rescue_applied,3,2.1073254642330752e-10,22,20,537.6408680999957,94a1f073ec1e647ad70c3715036d3a4fa7b5c5ba45a6e61c504c01a99a998484,c17501aab517449659b3c3c001fd748335d1e953c47b4c65cc90e87c0c6f0a58
mouse_pancreas_tms_10x,42,all,pancreatic D cell,batch_heldout,outputs\mouse_pancreas_tms_10x\batch_heldout_seed42_pancreatic_d_cell_rareall,TOSICA,native_48d_cls_latent,0.01,0.1,success,,2000,9,4821,174,445,935,0,0,14.085969398558536,0.8854961832061069,0.8169014084507042,0.9666666666666667,0.8854961832061069,0.8169014084507042,0.9666666666666667,0.0,0.0,0,0,0,,,0.0,0.0,False,False,rescue_applied,1,5.7316335735632365e-08,10,0,523.5306974999985,95721ee40322d98bfe6581d139f72127c22a152ceca842c29d64f11616084af4,c17501aab517449659b3c3c001fd748335d1e953c47b4c65cc90e87c0c6f0a58
