rare_train_size,contrast,metric,n_datasets,median_dataset_effect,q25_dataset_effect,q75_dataset_effect,dataset_direction_rate
0.01,H2_true_rescued_vs_unrescued,rare_membership_score,5,0.9710716633793557,0.9201298701298701,0.9717813051146384,1.0
0.01,H2_true_rescued_vs_unrescued,rare_rank,5,1.0,1.0,1.0,1.0
0.01,H2_true_rescued_vs_unrescued,rare_standardized_distance,5,0.8318181818181818,0.5890652557319225,0.8724523339907955,1.0
0.01,H2_true_rescued_vs_unrescued,standardized_prototype_margin,5,0.9792207792207792,0.9153439153439153,0.9886225111743194,1.0
0.01,H2_true_rescued_vs_unrescued,rare_prototype_distance,5,0.8318181818181818,0.5890652557319225,0.8724523339907955,1.0
0.01,H2_true_rescued_vs_unrescued,nearest_nonrare_distance,5,0.4564935064935065,0.4505494505494505,0.6790123456790123,0.8
0.01,H2_true_rescued_vs_unrescued,prototype_margin,5,1.0,1.0,1.0,1.0
0.01,H3a_true_rescued_vs_non_target,rare_membership_score,6,0.99976450980215,0.9982663585227687,0.9999146822307965,1.0
0.01,H3a_true_rescued_vs_non_target,rare_rank,6,0.9997267525803466,0.9994679522605054,0.9999583610926049,1.0
0.01,H3a_true_rescued_vs_non_target,rare_standardized_distance,6,0.9900725607002343,0.9844002951905687,0.997140422308437,1.0
0.01,H3a_true_rescued_vs_non_target,standardized_prototype_margin,6,0.9998162701565562,0.9994945121903271,0.9999460003056639,1.0
0.01,H3a_true_rescued_vs_non_target,rare_prototype_distance,6,0.9900725607002343,0.9844002951905687,0.997140422308437,1.0
0.01,H3a_true_rescued_vs_non_target,nearest_nonrare_distance,6,0.8143147850786958,0.7729339429567393,0.8747113093686271,1.0
0.01,H3a_true_rescued_vs_non_target,prototype_margin,6,0.9999151277227027,0.9998087087489707,0.9999934254356745,1.0
0.01,H3b_true_rescued_vs_closest_competitor,rare_membership_score,6,0.9988439735216219,0.9884359903381643,0.9998748853115356,1.0
0.01,H3b_true_rescued_vs_closest_competitor,rare_rank,6,1.0,0.9996038034865293,1.0,1.0
0.01,H3b_true_rescued_vs_closest_competitor,rare_standardized_distance,6,0.9401446264013618,0.8900950980130384,0.9947486417030963,1.0
0.01,H3b_true_rescued_vs_closest_competitor,standardized_prototype_margin,6,0.9987480303050826,0.9919498235517946,0.9999616219901482,1.0
0.01,H3b_true_rescued_vs_closest_competitor,rare_prototype_distance,6,0.9401446264013618,0.8900950980130384,0.9947486417030963,1.0
0.01,H3b_true_rescued_vs_closest_competitor,nearest_nonrare_distance,6,0.9200643090135844,0.8782436929683306,0.9397966699175098,1.0
0.01,H3b_true_rescued_vs_closest_competitor,prototype_margin,6,1.0,0.9999374426557677,1.0,1.0
0.05,H1_baseline_correct_vs_true_rescued,rare_membership_score,5,0.5733333333333333,0.5,0.7647058823529411,1.0
0.05,H1_baseline_correct_vs_true_rescued,rare_rank,5,-0.0,0.0,0.38888888888888884,0.4
0.05,H1_baseline_correct_vs_true_rescued,rare_standardized_distance,5,0.6333333333333333,0.5,0.6470588235294117,1.0
0.05,H1_baseline_correct_vs_true_rescued,standardized_prototype_margin,5,0.8945420906567993,0.52,0.9523809523809523,1.0
0.05,H1_baseline_correct_vs_true_rescued,rare_prototype_distance,5,0.6333333333333333,0.5,0.6470588235294117,1.0
0.05,H1_baseline_correct_vs_true_rescued,nearest_nonrare_distance,5,0.4444444444444444,0.16666666666666674,0.75,0.8
0.05,H1_baseline_correct_vs_true_rescued,prototype_margin,5,0.7647058823529411,0.6912878787878789,0.912118408880666,1.0
0.05,H2_true_rescued_vs_unrescued,rare_membership_score,4,0.9344200643220251,0.8870798319327731,0.9788359788359788,1.0
0.05,H2_true_rescued_vs_unrescued,rare_rank,4,1.0,0.9632352941176471,1.0,1.0
0.05,H2_true_rescued_vs_unrescued,rare_standardized_distance,4,0.711199294532628,0.5544363044363045,0.8400735294117647,1.0
0.05,H2_true_rescued_vs_unrescued,standardized_prototype_margin,4,0.9337748988484282,0.9007936507936508,0.9641544117647058,1.0
0.05,H2_true_rescued_vs_unrescued,rare_prototype_distance,4,0.711199294532628,0.5544363044363045,0.8400735294117647,1.0
0.05,H2_true_rescued_vs_unrescued,nearest_nonrare_distance,4,0.5647808981142314,0.39214002908855844,0.6886710239651415,1.0
0.05,H2_true_rescued_vs_unrescued,prototype_margin,4,0.9871323529411765,0.9639436793235814,1.0,1.0
0.05,H3a_true_rescued_vs_non_target,rare_membership_score,5,0.9993006993006992,0.9983852583586625,0.9999444814568066,1.0
0.05,H3a_true_rescued_vs_non_target,rare_rank,5,0.9992401215805471,0.9982517482517482,0.9996668887408394,1.0
0.05,H3a_true_rescued_vs_non_target,rare_standardized_distance,5,0.9949658054711246,0.9826346493013159,0.9983054775077485,1.0
0.05,H3a_true_rescued_vs_non_target,standardized_prototype_margin,5,0.9998334443704198,0.9995337995337996,1.0,1.0
0.05,H3a_true_rescued_vs_non_target,rare_prototype_distance,5,0.9949658054711246,0.9826346493013159,0.9983054775077485,1.0
0.05,H3a_true_rescued_vs_non_target,nearest_nonrare_distance,5,0.8244337659615875,0.7054521276595744,0.8959304907839218,1.0
0.05,H3a_true_rescued_vs_non_target,prototype_margin,5,0.9998841352142049,0.9993006993006992,1.0,1.0
0.05,H3b_true_rescued_vs_closest_competitor,rare_membership_score,5,0.9986979166666667,0.9851851851851852,0.9998239126606796,1.0
0.05,H3b_true_rescued_vs_closest_competitor,rare_rank,5,0.9989434759640782,0.9930555555555556,1.0,1.0
0.05,H3b_true_rescued_vs_closest_competitor,rare_standardized_distance,5,0.9318181818181819,0.898074074074074,0.9960495188222054,1.0
0.05,H3b_true_rescued_vs_closest_competitor,standardized_prototype_margin,5,0.999471737982039,0.9986979166666667,1.0,1.0
0.05,H3b_true_rescued_vs_closest_competitor,rare_prototype_distance,5,0.9318181818181819,0.898074074074074,0.9960495188222054,1.0
0.05,H3b_true_rescued_vs_closest_competitor,nearest_nonrare_distance,5,0.8910899806303927,0.8702222222222222,0.9699074074074074,1.0
0.05,H3b_true_rescued_vs_closest_competitor,prototype_margin,5,0.9999119563303398,0.9986979166666667,1.0,1.0
0.10,H1_baseline_correct_vs_true_rescued,rare_membership_score,4,0.753781512605042,0.5730120756436546,0.8091488807912546,1.0
0.10,H1_baseline_correct_vs_true_rescued,rare_rank,4,-0.0,-0.03947368421052633,0.12202380952380953,0.25
0.10,H1_baseline_correct_vs_true_rescued,rare_standardized_distance,4,0.5521008403361345,0.34461152882205515,0.7059799583550234,1.0
0.10,H1_baseline_correct_vs_true_rescued,standardized_prototype_margin,4,0.9476190476190476,0.7213374344953292,0.9565423514538558,1.0
0.10,H1_baseline_correct_vs_true_rescued,rare_prototype_distance,4,0.5521008403361345,0.34461152882205515,0.7059799583550234,1.0
0.10,H1_baseline_correct_vs_true_rescued,nearest_nonrare_distance,4,0.14282296650717707,0.11542492595124176,0.3523230088495576,1.0
0.10,H1_baseline_correct_vs_true_rescued,prototype_margin,4,0.7014005602240896,0.5076782866256551,0.8163391462779801,1.0
0.10,H2_true_rescued_vs_unrescued,rare_membership_score,4,0.9160714285714286,0.8322510822510822,0.9756944444444444,1.0
0.10,H2_true_rescued_vs_unrescued,rare_rank,4,0.9772727272727273,0.9311868686868687,1.0,1.0
0.10,H2_true_rescued_vs_unrescued,rare_standardized_distance,4,0.6068181818181818,0.48081918081918085,0.7573232323232323,1.0
0.10,H2_true_rescued_vs_unrescued,standardized_prototype_margin,4,0.9696969696969697,0.9188311688311689,1.0,1.0
0.10,H2_true_rescued_vs_unrescued,rare_prototype_distance,4,0.6068181818181818,0.48081918081918085,0.7573232323232323,1.0
0.10,H2_true_rescued_vs_unrescued,nearest_nonrare_distance,4,0.5131535131535131,0.40356865356865357,0.5762626262626263,1.0
0.10,H2_true_rescued_vs_unrescued,prototype_margin,4,0.994949494949495,0.9893939393939394,1.0,1.0
0.10,H3a_true_rescued_vs_non_target,rare_membership_score,4,0.9982683890245516,0.9961270998505041,0.9999452624862967,1.0
0.10,H3a_true_rescued_vs_non_target,rare_rank,4,0.9982304097167238,0.9951257371470138,0.9996252498334444,1.0
0.10,H3a_true_rescued_vs_non_target,rare_standardized_distance,4,0.9940798670524953,0.9882062972488505,0.9990933163911893,1.0
0.10,H3a_true_rescued_vs_non_target,standardized_prototype_margin,4,0.999145243682219,0.998435784074082,0.9997501665556296,1.0
0.10,H3a_true_rescued_vs_non_target,rare_prototype_distance,4,0.9940798670524953,0.9882062972488505,0.9990933163911893,1.0
0.10,H3a_true_rescued_vs_non_target,nearest_nonrare_distance,4,0.8022878049666093,0.7285795764519168,0.8343063371294184,1.0
0.10,H3a_true_rescued_vs_non_target,prototype_margin,4,0.9991152048583619,0.9980582065688448,0.9998126249167223,1.0
0.10,H3b_true_rescued_vs_closest_competitor,rare_membership_score,4,0.9528574108757943,0.8688121212121211,0.9998679344955097,1.0
0.10,H3b_true_rescued_vs_closest_competitor,rare_rank,4,0.999471737982039,0.976480334245786,1.0,1.0
0.10,H3b_true_rescued_vs_closest_competitor,rare_standardized_distance,4,0.9378971970097167,0.8171454545454545,0.997754886423666,1.0
0.10,H3b_true_rescued_vs_closest_competitor,standardized_prototype_margin,4,0.9996698362387745,0.9510199058733133,1.0,1.0
0.10,H3b_true_rescued_vs_closest_competitor,rare_prototype_distance,4,0.9378971970097167,0.8171454545454545,0.997754886423666,1.0
0.10,H3b_true_rescued_vs_closest_competitor,nearest_nonrare_distance,4,0.9038270117978517,0.7972314267876867,0.9676,1.0
0.10,H3b_true_rescued_vs_closest_competitor,prototype_margin,4,0.9998679344955098,0.9755594775008405,1.0,1.0
all,H1_baseline_correct_vs_true_rescued,rare_membership_score,3,0.8611111111111112,0.8353174603174603,0.909547152194211,1.0
all,H1_baseline_correct_vs_true_rescued,rare_rank,3,-0.008403361344537785,-0.016106442577030755,-0.004201680672268893,0.0
all,H1_baseline_correct_vs_true_rescued,rare_standardized_distance,3,0.8571428571428572,0.8095238095238095,0.8751526251526252,1.0
all,H1_baseline_correct_vs_true_rescued,standardized_prototype_margin,3,0.8333333333333333,0.7976190476190476,0.9081196581196581,1.0
all,H1_baseline_correct_vs_true_rescued,rare_prototype_distance,3,0.8571428571428572,0.8095238095238095,0.8751526251526252,1.0
all,H1_baseline_correct_vs_true_rescued,nearest_nonrare_distance,3,0.33333333333333326,-0.02083333333333337,0.5256410256410255,0.6666666666666666
all,H1_baseline_correct_vs_true_rescued,prototype_margin,3,0.7777777777777777,0.7460317460317459,0.8803418803418803,1.0
all,H2_true_rescued_vs_unrescued,rare_membership_score,3,0.9407407407407407,0.887037037037037,0.9703703703703703,1.0
all,H2_true_rescued_vs_unrescued,rare_rank,3,1.0,1.0,1.0,1.0
all,H2_true_rescued_vs_unrescued,rare_standardized_distance,3,0.7037037037037037,0.6296296296296297,0.8518518518518519,1.0
all,H2_true_rescued_vs_unrescued,standardized_prototype_margin,3,1.0,0.9285714285714286,1.0,1.0
all,H2_true_rescued_vs_unrescued,rare_prototype_distance,3,0.7037037037037037,0.6296296296296297,0.8518518518518519,1.0
all,H2_true_rescued_vs_unrescued,nearest_nonrare_distance,3,0.5,0.28846153846153844,0.5555555555555556,1.0
all,H2_true_rescued_vs_unrescued,prototype_margin,3,1.0,1.0,1.0,1.0
all,H3a_true_rescued_vs_non_target,rare_membership_score,3,0.9990839440373085,0.9949827015019369,0.9994604695794027,1.0
all,H3a_true_rescued_vs_non_target,rare_rank,3,0.9995003331112592,0.9959507744583651,0.9997501665556296,1.0
all,H3a_true_rescued_vs_non_target,rare_standardized_distance,3,0.9848024316109423,0.9751210692365171,0.9919296659783727,1.0
all,H3a_true_rescued_vs_non_target,standardized_prototype_margin,3,0.9989173884077283,0.9956593021065997,0.999291032043118,1.0
all,H3a_true_rescued_vs_non_target,rare_prototype_distance,3,0.9848024316109423,0.9751210692365171,0.9919296659783727,1.0
all,H3a_true_rescued_vs_non_target,nearest_nonrare_distance,3,0.814207195203198,0.8037601325560063,0.841296199508756,1.0
all,H3a_true_rescued_vs_non_target,prototype_margin,3,0.9993337774816788,0.9973872534824808,0.9996668887408394,1.0
all,H3b_true_rescued_vs_closest_competitor,rare_membership_score,3,0.9984152139461173,0.9082985160639677,0.9992076069730587,1.0
all,H3b_true_rescued_vs_closest_competitor,rare_rank,3,0.9989434759640782,0.9540171925274936,0.999471737982039,1.0
all,H3b_true_rescued_vs_closest_competitor,rare_standardized_distance,3,0.9397781299524565,0.7880708831580464,0.9698890649762282,1.0
all,H3b_true_rescued_vs_closest_competitor,standardized_prototype_margin,3,0.9973586899101954,0.8168611631369159,0.9986793449550977,1.0
all,H3b_true_rescued_vs_closest_competitor,rare_prototype_distance,3,0.9397781299524565,0.7880708831580464,0.9698890649762282,1.0
all,H3b_true_rescued_vs_closest_competitor,nearest_nonrare_distance,3,0.8042789223454834,0.538503097536378,0.9021394611727417,1.0
all,H3b_true_rescued_vs_closest_competitor,prototype_margin,3,1.0,0.9994717379820391,1.0,1.0
0.01,H1_baseline_correct_vs_true_rescued,rare_membership_score,3,0.675044365572316,0.5092393545033297,0.7198751239626285,1.0
0.01,H1_baseline_correct_vs_true_rescued,rare_rank,3,0.38888888888888884,0.19444444444444442,0.4384920634920635,0.6666666666666666
0.01,H1_baseline_correct_vs_true_rescued,rare_standardized_distance,3,0.6470588235294117,0.3252129134482075,0.6703239991648833,1.0
0.01,H1_baseline_correct_vs_true_rescued,standardized_prototype_margin,3,0.725377107364685,0.5394562304500192,0.8388790298728186,1.0
0.01,H1_baseline_correct_vs_true_rescued,rare_prototype_distance,3,0.6470588235294117,0.3252129134482075,0.6703239991648833,1.0
0.01,H1_baseline_correct_vs_true_rescued,nearest_nonrare_distance,3,0.16666666666666674,-0.08535566400473227,0.3055555555555556,0.6666666666666666
0.01,H1_baseline_correct_vs_true_rescued,prototype_margin,3,0.6339618456078083,0.48701459283757415,0.6993338639803748,1.0
