dataset,seed,rare_train_size,lab_rare,rare_class,method,status,sep,best_k,rare_f1,rare_recall,rare_precision,macro_f1,rare_fp_rate,n_rescued,n_false_rescue,rescue_ffr
immune_dc,42,0.01,5,ASDC,scANVI,ok,2.7073,,0.0,0.0,0.0,0.7263,0.0,0,0,0.0
immune_dc,42,0.01,5,ASDC,kNN,ok,2.7073,3.0,0.5311,0.3615,1.0,0.818,0.0,47,0,0.0
immune_dc,42,0.01,5,ASDC,CellTypist,ok,2.7073,,0.3544,0.2154,1.0,0.7728,0.0,28,0,0.0
immune_dc,42,0.01,5,ASDC,scBalance,ok,2.7073,,0.0,0.0,0.0,0.6925,0.0,0,0,0.0
immune_dc,42,0.01,5,ASDC,scRareRefine,ok,2.7073,,0.9224,0.8692,0.9826,0.8843,0.000333,115,2,0.000333
immune_dc,42,0.05,13,ASDC,scANVI,ok,2.3866,,0.0,0.0,0.0,0.712,0.0,0,0,0.0
immune_dc,42,0.05,13,ASDC,kNN,ok,2.3866,3.0,0.7255,0.5692,1.0,0.8513,0.0,74,0,0.0
immune_dc,42,0.05,13,ASDC,CellTypist,ok,2.3866,,0.5946,0.4231,1.0,0.8158,0.0,55,0,0.0
immune_dc,42,0.05,13,ASDC,scBalance,ok,2.3866,,0.6022,0.4308,1.0,0.8192,0.0,56,0,0.0
immune_dc,42,0.05,13,ASDC,scRareRefine,ok,2.3866,,0.9486,0.9231,0.9756,0.8747,0.0005,123,3,0.0005
immune_dc,42,0.10,27,ASDC,scANVI,ok,2.4046,,0.3851,0.2385,1.0,0.7911,0.0,0,0,0.0
immune_dc,42,0.10,27,ASDC,kNN,ok,2.4046,10.0,0.7907,0.6538,1.0,0.8637,0.0,54,0,0.0
immune_dc,42,0.10,27,ASDC,CellTypist,ok,2.4046,,0.7678,0.6231,1.0,0.8466,0.0,52,0,0.0
immune_dc,42,0.10,27,ASDC,scBalance,ok,2.4046,,0.6598,0.4923,1.0,0.8105,0.0,42,0,0.0
immune_dc,42,0.10,27,ASDC,scRareRefine,ok,2.4046,,0.9291,0.9077,0.9516,0.8852,0.000999,93,6,0.000999
immune_dc,42,all,277,ASDC,scANVI,ok,2.0106,,0.9274,0.8846,0.9746,0.8748,0.0005,0,0,0.0
immune_dc,42,all,277,ASDC,kNN,ok,2.0106,3.0,0.9402,0.9077,0.9752,0.8767,0.0005,4,1,0.000167
immune_dc,42,all,277,ASDC,CellTypist,ok,2.0106,,0.9524,0.9231,0.9836,0.8735,0.000333,8,1,0.000167
immune_dc,42,all,277,ASDC,scBalance,ok,2.0106,,0.9286,0.9,0.959,0.8758,0.000833,10,4,0.000666
immune_dc,42,all,277,ASDC,scRareRefine,ok,2.0106,,0.9344,0.9308,0.938,0.876,0.001332,11,5,0.000833
immune_dc,43,0.01,5,ASDC,scANVI,ok,2.545,,0.0,0.0,0.0,0.7053,0.0,0,0,0.0
immune_dc,43,0.01,5,ASDC,kNN,ok,2.545,3.0,0.6802,0.5154,1.0,0.8476,0.0,67,0,0.0
immune_dc,43,0.01,5,ASDC,CellTypist,ok,2.545,,0.2313,0.1308,1.0,0.7521,0.0,17,0,0.0
immune_dc,43,0.01,5,ASDC,scBalance,ok,2.545,,0.1022,0.0538,1.0,0.7341,0.0,7,0,0.0
immune_dc,43,0.01,5,ASDC,scRareRefine,ok,2.545,,0.8826,0.8385,0.9316,0.8561,0.001332,117,8,0.001332
immune_dc,43,0.05,13,ASDC,scANVI,ok,2.0261,,0.0303,0.0154,1.0,0.7216,0.0,0,0,0.0
immune_dc,43,0.05,13,ASDC,kNN,ok,2.0261,3.0,0.7129,0.5538,1.0,0.8499,0.0,70,0,0.0
immune_dc,43,0.05,13,ASDC,CellTypist,ok,2.0261,,0.5057,0.3385,1.0,0.7997,0.0,42,0,0.0
immune_dc,43,0.05,13,ASDC,scBalance,ok,2.0261,,0.5792,0.4077,1.0,0.8141,0.0,51,0,0.0
immune_dc,43,0.05,13,ASDC,scRareRefine,ok,2.0261,,0.9262,0.8692,0.9912,0.8752,0.000167,112,1,0.000167
immune_dc,43,0.10,27,ASDC,scANVI,ok,1.7015,,0.1429,0.0769,1.0,0.7244,0.0,0,0,0.0
immune_dc,43,0.10,27,ASDC,kNN,ok,1.7015,5.0,0.785,0.6462,1.0,0.8636,0.0,74,0,0.0
immune_dc,43,0.10,27,ASDC,CellTypist,ok,1.7015,,0.785,0.6462,1.0,0.8487,0.0,74,0,0.0
immune_dc,43,0.10,27,ASDC,scBalance,ok,1.7015,,0.6802,0.5154,1.0,0.8342,0.0,57,0,0.0
immune_dc,43,0.10,27,ASDC,scRareRefine,ok,1.7015,,0.9407,0.9154,0.9675,0.8615,0.000666,113,4,0.000666
immune_dc,43,all,277,ASDC,scANVI,ok,2.0237,,0.9355,0.8923,0.9831,0.8714,0.000333,0,0,0.0
immune_dc,43,all,277,ASDC,kNN,ok,2.0237,3.0,0.944,0.9077,0.9833,0.8863,0.000333,4,1,0.000167
immune_dc,43,all,277,ASDC,CellTypist,ok,2.0237,,0.9524,0.9231,0.9836,0.8735,0.000333,8,2,0.000333
immune_dc,43,all,277,ASDC,scBalance,ok,2.0237,,0.9393,0.8923,0.9915,0.8659,0.000167,4,0,0.0
immune_dc,43,all,277,ASDC,scRareRefine,ok,2.0237,,0.9278,0.9385,0.9173,0.8699,0.001832,15,9,0.001499
immune_dc,44,0.01,5,ASDC,scANVI,ok,3.144,,0.0451,0.0231,1.0,0.73,0.0,0,0,0.0
immune_dc,44,0.01,5,ASDC,kNN,ok,3.144,3.0,0.5556,0.3846,1.0,0.825,0.0,47,0,0.0
immune_dc,44,0.01,5,ASDC,CellTypist,ok,3.144,,0.1944,0.1077,1.0,0.7459,0.0,13,0,0.0
immune_dc,44,0.01,5,ASDC,scBalance,ok,3.144,,0.1295,0.0692,1.0,0.7341,0.0,8,0,0.0
immune_dc,44,0.01,5,ASDC,scRareRefine,ok,3.144,,0.9268,0.8769,0.9828,0.8814,0.000333,113,2,0.000333
immune_dc,44,0.05,13,ASDC,scANVI,ok,1.8084,,0.0451,0.0231,1.0,0.7364,0.0,0,0,0.0
immune_dc,44,0.05,13,ASDC,kNN,ok,1.8084,5.0,0.5792,0.4077,1.0,0.832,0.0,50,0,0.0
immune_dc,44,0.05,13,ASDC,CellTypist,ok,1.8084,,0.5792,0.4077,1.0,0.8136,0.0,51,0,0.0
immune_dc,44,0.05,13,ASDC,scBalance,ok,1.8084,,0.5057,0.3385,1.0,0.7891,0.0,42,0,0.0
immune_dc,44,0.05,13,ASDC,scRareRefine,ok,1.8084,,0.9435,0.9,0.9915,0.8903,0.000167,115,1,0.000167
immune_dc,44,0.10,27,ASDC,scANVI,ok,1.8836,,0.5714,0.4,1.0,0.823,0.0,0,0,0.0
immune_dc,44,0.10,27,ASDC,kNN,ok,1.8836,3.0,0.8182,0.6923,1.0,0.8755,0.0,38,0,0.0
immune_dc,44,0.10,27,ASDC,CellTypist,ok,1.8836,,0.7963,0.6615,1.0,0.8509,0.0,34,0,0.0
immune_dc,44,0.10,27,ASDC,scBalance,ok,1.8836,,0.5393,0.3692,1.0,0.8087,0.0,14,0,0.0
immune_dc,44,0.10,27,ASDC,scRareRefine,ok,1.8836,,0.9286,0.9,0.959,0.8847,0.000833,70,5,0.000833
immune_dc,44,all,277,ASDC,scANVI,ok,1.9359,,0.9603,0.9308,0.9918,0.879,0.000167,0,0,0.0
immune_dc,44,all,277,ASDC,kNN,ok,1.9359,3.0,0.9641,0.9308,1.0,0.8982,0.0,0,0,0.0
immune_dc,44,all,277,ASDC,CellTypist,ok,1.9359,,0.9524,0.9231,0.9836,0.8735,0.000333,4,2,0.000333
immune_dc,44,all,277,ASDC,scBalance,ok,1.9359,,0.9256,0.8615,1.0,0.8705,0.0,0,0,0.0
immune_dc,44,all,277,ASDC,scRareRefine,ok,1.9359,,0.9569,0.9385,0.976,0.8783,0.0005,3,2,0.000333
pancreas_baron,42,0.01,5,gamma,scANVI,ok,1.4228,,0.4643,0.3023,1.0,0.6532,0.0,0,0,0.0
pancreas_baron,42,0.01,5,gamma,kNN,ok,1.4228,3.0,0.297,0.1744,1.0,0.5982,0.0,4,0,0.0
pancreas_baron,42,0.01,5,gamma,CellTypist,ok,1.4228,,0.0889,0.0465,1.0,0.639,0.0,0,0,0.0
pancreas_baron,42,0.01,5,gamma,scBalance,ok,1.4228,,0.3619,0.2209,1.0,0.697,0.0,11,0,0.0
pancreas_baron,42,0.01,5,gamma,scRareRefine,ok,1.4228,,0.6515,0.5,0.9348,0.6675,0.001832,20,3,0.001832
pancreas_baron,42,0.05,5,gamma,scANVI,ok,1.4228,,0.4643,0.3023,1.0,0.6532,0.0,0,0,0.0
pancreas_baron,42,0.05,5,gamma,kNN,ok,1.4228,3.0,0.297,0.1744,1.0,0.5982,0.0,4,0,0.0
pancreas_baron,42,0.05,5,gamma,CellTypist,ok,1.4228,,0.0889,0.0465,1.0,0.639,0.0,0,0,0.0
pancreas_baron,42,0.05,5,gamma,scBalance,ok,1.4228,,0.28,0.1628,1.0,0.6726,0.0,8,0,0.0
pancreas_baron,42,0.05,5,gamma,scRareRefine,ok,1.4228,,0.6515,0.5,0.9348,0.6675,0.001832,20,3,0.001832
pancreas_baron,42,0.10,10,gamma,scANVI,ok,1.4036,,0.8056,0.6744,1.0,0.7014,0.0,0,0,0.0
pancreas_baron,42,0.10,10,gamma,kNN,ok,1.4036,3.0,0.3619,0.2209,1.0,0.5971,0.0,0,0,0.0
pancreas_baron,42,0.10,10,gamma,CellTypist,ok,1.4036,,0.4505,0.2907,1.0,0.6856,0.0,5,0,0.0
pancreas_baron,42,0.10,10,gamma,scBalance,ok,1.4036,,0.3301,0.1977,1.0,0.6901,0.0,1,0,0.0
pancreas_baron,42,0.10,10,gamma,scRareRefine,ok,1.4036,,0.8366,0.7442,0.9552,0.7039,0.001832,9,3,0.001832
pancreas_baron,42,all,106,gamma,scANVI,ok,1.1714,,0.9186,0.9186,0.9186,0.7061,0.004274,0,0,0.0
pancreas_baron,42,all,106,gamma,kNN,ok,1.1714,3.0,0.904,0.9302,0.8791,0.6451,0.006716,8,5,0.003053
pancreas_baron,42,all,106,gamma,CellTypist,ok,1.1714,,0.9829,1.0,0.9663,0.7231,0.001832,9,2,0.001221
pancreas_baron,42,all,106,gamma,scBalance,ok,1.1714,,0.9822,0.9651,1.0,0.704,0.0,6,0,0.0
pancreas_baron,42,all,106,gamma,scRareRefine,ok,1.1714,,0.9186,0.9186,0.9186,0.7061,0.004274,0,0,0.0
pancreas_baron,43,0.01,5,gamma,scANVI,ok,1.1245,,0.2449,0.1395,1.0,0.5946,0.0,0,0,0.0
pancreas_baron,43,0.01,5,gamma,kNN,ok,1.1245,3.0,0.2083,0.1163,1.0,0.6535,0.0,4,0,0.0
pancreas_baron,43,0.01,5,gamma,CellTypist,ok,1.1245,,0.023,0.0116,1.0,0.652,0.0,0,0,0.0
pancreas_baron,43,0.01,5,gamma,scBalance,ok,1.1245,,0.3925,0.2442,1.0,0.7784,0.0,15,0,0.0
pancreas_baron,43,0.01,5,gamma,scRareRefine,ok,1.1245,,0.2449,0.1395,1.0,0.5946,0.0,0,0,0.0
pancreas_baron,43,0.05,5,gamma,scANVI,ok,1.1245,,0.2449,0.1395,1.0,0.5946,0.0,0,0,0.0
pancreas_baron,43,0.05,5,gamma,kNN,ok,1.1245,3.0,0.2083,0.1163,1.0,0.6535,0.0,4,0,0.0
pancreas_baron,43,0.05,5,gamma,CellTypist,ok,1.1245,,0.023,0.0116,1.0,0.652,0.0,0,0,0.0
pancreas_baron,43,0.05,5,gamma,scBalance,ok,1.1245,,0.3137,0.186,1.0,0.7223,0.0,8,0,0.0
pancreas_baron,43,0.05,5,gamma,scRareRefine,ok,1.1245,,0.2449,0.1395,1.0,0.5946,0.0,0,0,0.0
pancreas_baron,43,0.10,10,gamma,scANVI,ok,1.5543,,0.7808,0.6628,0.95,0.6043,0.001832,0,0,0.0
pancreas_baron,43,0.10,10,gamma,kNN,ok,1.5543,5.0,0.7015,0.5465,0.9792,0.6431,0.000611,6,0,0.0
pancreas_baron,43,0.10,10,gamma,CellTypist,ok,1.5543,,0.7259,0.5698,1.0,0.7107,0.0,7,0,0.0
pancreas_baron,43,0.10,10,gamma,scBalance,ok,1.5543,,0.8609,0.7558,1.0,0.7538,0.0,16,0,0.0
pancreas_baron,43,0.10,10,gamma,scRareRefine,ok,1.5543,,0.8242,0.7907,0.8608,0.6084,0.006716,19,8,0.004884
pancreas_baron,43,all,106,gamma,scANVI,ok,1.1218,,0.9222,0.8953,0.9506,0.6229,0.002442,0,0,0.0
pancreas_baron,43,all,106,gamma,kNN,ok,1.1218,10.0,0.9146,0.8721,0.9615,0.6175,0.001832,1,0,0.0
pancreas_baron,43,all,106,gamma,CellTypist,ok,1.1218,,0.9829,1.0,0.9663,0.7231,0.001832,11,2,0.001221
pancreas_baron,43,all,106,gamma,scBalance,ok,1.1218,,0.9651,0.9651,0.9651,0.7767,0.001832,9,2,0.001221
pancreas_baron,43,all,106,gamma,scRareRefine,ok,1.1218,,0.9222,0.8953,0.9506,0.6229,0.002442,0,0,0.0
pancreas_baron,44,0.01,5,gamma,scANVI,ok,1.222,,0.6769,0.5116,1.0,0.6523,0.0,0,0,0.0
pancreas_baron,44,0.01,5,gamma,kNN,ok,1.222,3.0,0.5968,0.4302,0.9737,0.6357,0.000611,7,1,0.000611
pancreas_baron,44,0.01,5,gamma,CellTypist,ok,1.222,,0.0889,0.0465,1.0,0.6506,0.0,0,0,0.0
pancreas_baron,44,0.01,5,gamma,scBalance,ok,1.222,,0.1702,0.093,1.0,0.6581,0.0,3,0,0.0
pancreas_baron,44,0.01,5,gamma,scRareRefine,ok,1.222,,0.6769,0.5116,1.0,0.6523,0.0,0,0,0.0
pancreas_baron,44,0.05,5,gamma,scANVI,ok,1.222,,0.6769,0.5116,1.0,0.6523,0.0,0,0,0.0
pancreas_baron,44,0.05,5,gamma,kNN,ok,1.222,3.0,0.5968,0.4302,0.9737,0.6357,0.000611,7,1,0.000611
pancreas_baron,44,0.05,5,gamma,CellTypist,ok,1.222,,0.0889,0.0465,1.0,0.6506,0.0,0,0,0.0
pancreas_baron,44,0.05,5,gamma,scBalance,ok,1.222,,0.3462,0.2093,1.0,0.6598,0.0,5,0,0.0
pancreas_baron,44,0.05,5,gamma,scRareRefine,ok,1.222,,0.6769,0.5116,1.0,0.6523,0.0,0,0,0.0
pancreas_baron,44,0.10,10,gamma,scANVI,ok,1.1241,,0.8875,0.8256,0.9595,0.71,0.001832,0,0,0.0
pancreas_baron,44,0.10,10,gamma,kNN,ok,1.1241,3.0,0.7862,0.6628,0.9661,0.6293,0.001221,0,0,0.0
pancreas_baron,44,0.10,10,gamma,CellTypist,ok,1.1241,,0.7068,0.5465,1.0,0.7083,0.0,1,0,0.0
pancreas_baron,44,0.10,10,gamma,scBalance,ok,1.1241,,0.608,0.4419,0.9744,0.7106,0.000611,2,1,0.000611
pancreas_baron,44,0.10,10,gamma,scRareRefine,ok,1.1241,,0.8875,0.8256,0.9595,0.71,0.001832,0,0,0.0
pancreas_baron,44,all,106,gamma,scANVI,ok,1.0929,,0.897,0.8605,0.9367,0.6961,0.003053,0,0,0.0
pancreas_baron,44,all,106,gamma,kNN,ok,1.0929,3.0,0.9143,0.9302,0.8989,0.6747,0.005495,12,6,0.003663
pancreas_baron,44,all,106,gamma,CellTypist,ok,1.0929,,0.9829,1.0,0.9663,0.7231,0.001832,13,1,0.000611
pancreas_baron,44,all,106,gamma,scBalance,ok,1.0929,,0.9829,1.0,0.9663,0.7409,0.001832,14,2,0.001221
pancreas_baron,44,all,106,gamma,scRareRefine,ok,1.0929,,0.897,0.8605,0.9367,0.6961,0.003053,0,0,0.0
tabula_lung_endo,42,0.01,5,endothelial cell of lymphatic vessel,scANVI,ok,2.3468,,0.0,0.0,0.0,0.5539,0.0,0,0,0.0
tabula_lung_endo,42,0.01,5,endothelial cell of lymphatic vessel,kNN,ok,2.3468,3.0,0.9076,0.8308,1.0,0.8014,0.0,54,0,0.0
tabula_lung_endo,42,0.01,5,endothelial cell of lymphatic vessel,CellTypist,ok,2.3468,,0.2895,0.1692,1.0,0.635,0.0,11,0,0.0
tabula_lung_endo,42,0.01,5,endothelial cell of lymphatic vessel,scBalance,ok,2.3468,,0.617,0.4462,1.0,0.7274,0.0,29,0,0.0
tabula_lung_endo,42,0.01,5,endothelial cell of lymphatic vessel,scRareRefine,ok,2.3468,,0.9848,1.0,0.9701,0.8238,0.001166,67,2,0.001166
tabula_lung_endo,42,0.05,10,endothelial cell of lymphatic vessel,scANVI,ok,1.879,,0.6667,0.5077,0.9706,0.7156,0.000583,0,0,0.0
tabula_lung_endo,42,0.05,10,endothelial cell of lymphatic vessel,kNN,ok,1.879,5.0,0.944,0.9077,0.9833,0.8046,0.000583,29,1,0.000583
tabula_lung_endo,42,0.05,10,endothelial cell of lymphatic vessel,CellTypist,ok,1.879,,0.6735,0.5077,1.0,0.7388,0.0,10,0,0.0
tabula_lung_endo,42,0.05,10,endothelial cell of lymphatic vessel,scBalance,ok,1.879,,0.6022,0.4308,1.0,0.7362,0.0,7,0,0.0
tabula_lung_endo,42,0.05,10,endothelial cell of lymphatic vessel,scRareRefine,ok,1.879,,0.963,1.0,0.9286,0.8028,0.002914,36,4,0.002331
tabula_lung_endo,42,0.10,20,endothelial cell of lymphatic vessel,scANVI,ok,1.6589,,0.9771,0.9846,0.9697,0.8224,0.001166,0,0,0.0
tabula_lung_endo,42,0.10,20,endothelial cell of lymphatic vessel,kNN,ok,1.6589,3.0,0.96,0.9231,1.0,0.807,0.0,0,0,0.0
tabula_lung_endo,42,0.10,20,endothelial cell of lymphatic vessel,CellTypist,ok,1.6589,,0.789,0.6615,0.9773,0.7727,0.000583,0,0,0.0
tabula_lung_endo,42,0.10,20,endothelial cell of lymphatic vessel,scBalance,ok,1.6589,,0.9076,0.8308,1.0,0.8013,0.0,0,0,0.0
tabula_lung_endo,42,0.10,20,endothelial cell of lymphatic vessel,scRareRefine,ok,1.6589,,0.9774,1.0,0.9559,0.8226,0.001748,2,1,0.000583
tabula_lung_endo,42,all,208,endothelial cell of lymphatic vessel,scANVI,ok,1.671,,0.9774,1.0,0.9559,0.8142,0.001748,0,0,0.0
tabula_lung_endo,42,all,208,endothelial cell of lymphatic vessel,kNN,ok,1.671,3.0,0.9771,0.9846,0.9697,0.8158,0.001166,0,0,0.0
tabula_lung_endo,42,all,208,endothelial cell of lymphatic vessel,CellTypist,ok,1.671,,0.9774,1.0,0.9559,0.826,0.001748,1,1,0.000583
tabula_lung_endo,42,all,208,endothelial cell of lymphatic vessel,scBalance,ok,1.671,,0.9612,0.9538,0.9688,0.8223,0.001166,0,0,0.0
tabula_lung_endo,42,all,208,endothelial cell of lymphatic vessel,scRareRefine,ok,1.671,,0.963,1.0,0.9286,0.8106,0.002914,2,2,0.001166
tabula_lung_endo,43,0.01,5,endothelial cell of lymphatic vessel,scANVI,ok,1.9886,,0.1944,0.1077,1.0,0.6221,0.0,0,0,0.0
tabula_lung_endo,43,0.01,5,endothelial cell of lymphatic vessel,kNN,ok,1.9886,3.0,0.8889,0.8,1.0,0.7973,0.0,45,0,0.0
tabula_lung_endo,43,0.01,5,endothelial cell of lymphatic vessel,CellTypist,ok,1.9886,,0.2667,0.1538,1.0,0.6315,0.0,7,0,0.0
tabula_lung_endo,43,0.01,5,endothelial cell of lymphatic vessel,scBalance,ok,1.9886,,0.617,0.4462,1.0,0.7237,0.0,23,0,0.0
tabula_lung_endo,43,0.01,5,endothelial cell of lymphatic vessel,scRareRefine,ok,1.9886,,0.9844,0.9692,1.0,0.8407,0.0,56,0,0.0
tabula_lung_endo,43,0.05,10,endothelial cell of lymphatic vessel,scANVI,ok,1.6913,,0.96,0.9231,1.0,0.8026,0.0,0,0,0.0
tabula_lung_endo,43,0.05,10,endothelial cell of lymphatic vessel,kNN,ok,1.6913,3.0,0.9344,0.8769,1.0,0.8131,0.0,3,0,0.0
tabula_lung_endo,43,0.05,10,endothelial cell of lymphatic vessel,CellTypist,ok,1.6913,,0.7736,0.6308,1.0,0.7682,0.0,0,0,0.0
tabula_lung_endo,43,0.05,10,endothelial cell of lymphatic vessel,scBalance,ok,1.6913,,0.8983,0.8154,1.0,0.8057,0.0,0,0,0.0
tabula_lung_endo,43,0.05,10,endothelial cell of lymphatic vessel,scRareRefine,ok,1.6913,,0.9774,1.0,0.9559,0.8079,0.001748,8,3,0.001748
tabula_lung_endo,43,0.10,20,endothelial cell of lymphatic vessel,scANVI,ok,1.7338,,0.9618,0.9692,0.9545,0.8299,0.001748,0,0,0.0
tabula_lung_endo,43,0.10,20,endothelial cell of lymphatic vessel,kNN,ok,1.7338,3.0,0.944,0.9077,0.9833,0.8064,0.000583,0,0,0.0
tabula_lung_endo,43,0.10,20,endothelial cell of lymphatic vessel,CellTypist,ok,1.7338,,0.8108,0.6923,0.9783,0.7787,0.000583,2,1,0.000583
tabula_lung_endo,43,0.10,20,endothelial cell of lymphatic vessel,scBalance,ok,1.7338,,0.918,0.8615,0.9825,0.7847,0.000583,1,0,0.0
tabula_lung_endo,43,0.10,20,endothelial cell of lymphatic vessel,scRareRefine,ok,1.7338,,0.9774,1.0,0.9559,0.8343,0.001748,2,0,0.0
tabula_lung_endo,43,all,208,endothelial cell of lymphatic vessel,scANVI,ok,1.4801,,0.9848,1.0,0.9701,0.8368,0.001166,0,0,0.0
tabula_lung_endo,43,all,208,endothelial cell of lymphatic vessel,kNN,ok,1.4801,3.0,0.9846,0.9846,0.9846,0.8216,0.000583,0,0,0.0
tabula_lung_endo,43,all,208,endothelial cell of lymphatic vessel,CellTypist,ok,1.4801,,0.9774,1.0,0.9559,0.826,0.001748,1,1,0.000583
tabula_lung_endo,43,all,208,endothelial cell of lymphatic vessel,scBalance,ok,1.4801,,0.9774,1.0,0.9559,0.8124,0.001748,1,1,0.000583
tabula_lung_endo,43,all,208,endothelial cell of lymphatic vessel,scRareRefine,ok,1.4801,,0.9774,1.0,0.9559,0.8348,0.001748,1,1,0.000583
tabula_lung_endo,44,0.01,5,endothelial cell of lymphatic vessel,scANVI,ok,2.0898,,0.7619,0.6154,1.0,0.7634,0.0,0,0,0.0
tabula_lung_endo,44,0.01,5,endothelial cell of lymphatic vessel,kNN,ok,2.0898,3.0,0.8793,0.7846,1.0,0.7847,0.0,13,0,0.0
tabula_lung_endo,44,0.01,5,endothelial cell of lymphatic vessel,CellTypist,ok,2.0898,,0.2432,0.1385,1.0,0.6226,0.0,1,0,0.0
tabula_lung_endo,44,0.01,5,endothelial cell of lymphatic vessel,scBalance,ok,2.0898,,0.6316,0.4615,1.0,0.729,0.0,6,0,0.0
tabula_lung_endo,44,0.01,5,endothelial cell of lymphatic vessel,scRareRefine,ok,2.0898,,0.9767,0.9692,0.9844,0.8207,0.000583,24,1,0.000583
tabula_lung_endo,44,0.05,10,endothelial cell of lymphatic vessel,scANVI,ok,1.797,,0.944,0.9077,0.9833,0.809,0.000583,0,0,0.0
tabula_lung_endo,44,0.05,10,endothelial cell of lymphatic vessel,kNN,ok,1.797,3.0,0.8983,0.8154,1.0,0.787,0.0,1,0,0.0
tabula_lung_endo,44,0.05,10,endothelial cell of lymphatic vessel,CellTypist,ok,1.797,,0.587,0.4154,1.0,0.7153,0.0,0,0,0.0
tabula_lung_endo,44,0.05,10,endothelial cell of lymphatic vessel,scBalance,ok,1.797,,0.6316,0.4615,1.0,0.7267,0.0,0,0,0.0
tabula_lung_endo,44,0.05,10,endothelial cell of lymphatic vessel,scRareRefine,ok,1.797,,0.9924,1.0,0.9848,0.8221,0.000583,6,0,0.0
tabula_lung_endo,44,0.10,20,endothelial cell of lymphatic vessel,scANVI,ok,1.6894,,0.9692,0.9692,0.9692,0.8228,0.001166,0,0,0.0
tabula_lung_endo,44,0.10,20,endothelial cell of lymphatic vessel,kNN,ok,1.6894,3.0,0.9516,0.9077,1.0,0.8027,0.0,0,0,0.0
tabula_lung_endo,44,0.10,20,endothelial cell of lymphatic vessel,CellTypist,ok,1.6894,,0.7255,0.5692,1.0,0.7515,0.0,0,0,0.0
tabula_lung_endo,44,0.10,20,endothelial cell of lymphatic vessel,scBalance,ok,1.6894,,0.9106,0.8615,0.9655,0.812,0.001166,0,0,0.0
tabula_lung_endo,44,0.10,20,endothelial cell of lymphatic vessel,scRareRefine,ok,1.6894,,0.9848,1.0,0.9701,0.8272,0.001166,2,0,0.0
tabula_lung_endo,44,all,208,endothelial cell of lymphatic vessel,scANVI,ok,1.6533,,0.9692,0.9692,0.9692,0.8283,0.001166,0,0,0.0
tabula_lung_endo,44,all,208,endothelial cell of lymphatic vessel,kNN,ok,1.6533,3.0,0.9764,0.9538,1.0,0.8146,0.0,0,0,0.0
tabula_lung_endo,44,all,208,endothelial cell of lymphatic vessel,CellTypist,ok,1.6533,,0.9774,1.0,0.9559,0.826,0.001748,3,1,0.000583
tabula_lung_endo,44,all,208,endothelial cell of lymphatic vessel,scBalance,ok,1.6533,,0.9692,0.9692,0.9692,0.8403,0.001166,2,0,0.0
tabula_lung_endo,44,all,208,endothelial cell of lymphatic vessel,scRareRefine,ok,1.6533,,0.9701,1.0,0.942,0.829,0.002331,4,2,0.001166
