dataset,seed,rare_train_size,separability,repeat,decision_seed,original_pass,adaptive_pass,adaptive_reason,actual_folds,active_folds,val_missed,oof_delta_f1,oof_delta_f1_lcb,oof_ffr_wilson_upper,oof_false_rescues
pancreas_baron,42,all,1.159680349882819,0,552399021,False,False,"failed:active_folds,gain",5,1,6,-0.005330102967898154,-0.027097610401700646,0.005861921247071321,2
pancreas_baron,42,all,1.159680349882819,1,806893958,False,False,"failed:active_folds,gain",5,1,6,-0.013916865043032356,-0.032478632478632474,0.005861921247071321,2
pancreas_baron,42,all,1.159680349882819,2,2810405514,False,False,"failed:active_folds,gain",5,1,6,-0.02740878764200272,-0.0503413669036051,0.008265057188130219,4
pancreas_baron,42,all,1.159680349882819,3,3048533160,False,False,"failed:active_folds,gain",5,1,6,-0.020714718352513595,-0.041212290324174686,0.0070891437534947145,3
pancreas_baron,42,all,1.159680349882819,4,4015654751,False,False,"failed:active_folds,gain",5,1,6,-0.005330102967898154,-0.027097610401700646,0.005861921247071321,2
pancreas_baron,42,all,1.159680349882819,5,1919722765,False,False,"failed:active_folds,gain",5,1,6,-0.005330102967898154,-0.0272868217054264,0.005861921247071321,2
pancreas_baron,42,all,1.159680349882819,6,3541760422,False,False,"failed:active_folds,gain",5,2,6,-0.02545734414777101,-0.054555229716520055,0.00940459827509653,5
pancreas_baron,42,all,1.159680349882819,7,3919760917,False,False,"failed:active_folds,gain",5,1,6,-0.013916865043032356,-0.0294584890665568,0.005861921247071321,2
pancreas_baron,42,all,1.159680349882819,8,553465981,False,False,"failed:active_folds,gain",5,2,6,-0.02740878764200272,-0.04981573262168004,0.008265057188130219,4
pancreas_baron,42,all,1.159680349882819,9,3376351227,False,False,"failed:active_folds,gain",5,2,6,-0.02545734414777101,-0.05261984392419172,0.00940459827509653,5
pancreas_baron,42,all,1.159680349882819,10,659539493,False,False,"failed:active_folds,gain",5,1,6,-0.005330102967898154,-0.027044494640143635,0.005861921247071321,2
pancreas_baron,42,all,1.159680349882819,11,4289461576,False,False,"failed:active_folds,gain",5,2,6,-0.018849916487711726,-0.04608782962109577,0.008265057188130219,4
pancreas_baron,42,all,1.159680349882819,12,1297175500,False,False,"failed:active_folds,gain",5,2,6,-0.010419750162808605,-0.04080482214986032,0.008265057188130219,4
pancreas_baron,42,all,1.159680349882819,13,1246100061,False,False,"failed:active_folds,gain",5,2,6,-0.02740878764200272,-0.0500618318946508,0.008265057188130219,4
pancreas_baron,42,all,1.159680349882819,14,476538439,False,False,"failed:active_folds,gain",5,2,6,-0.018849916487711726,-0.045370805919367097,0.008265057188130219,4
pancreas_baron,42,all,1.159680349882819,15,3989088698,False,False,"failed:active_folds,gain",5,2,6,-0.010419750162808605,-0.03928001705012614,0.008265057188130219,4
pancreas_baron,42,all,1.159680349882819,16,3077890598,False,False,"failed:active_folds,gain",5,1,6,-0.005330102967898154,-0.02653131536852469,0.005861921247071321,2
pancreas_baron,42,all,1.159680349882819,17,3854194510,False,False,"failed:active_folds,gain",5,1,6,-0.020714718352513595,-0.04066385159975623,0.0070891437534947145,3
pancreas_baron,42,all,1.159680349882819,18,2146097916,False,False,"failed:active_folds,gain",5,0,6,0.0,0.0,0.0030884961557806076,0
pancreas_baron,42,all,1.159680349882819,19,2548718005,False,False,"failed:active_folds,gain",5,2,6,-0.018849916487711726,-0.04469375038036448,0.008265057188130219,4
pancreas_baron,43,0.01,1.1244837226660471,0,202870173,True,True,oof_audit_passed,5,4,54,0.482396620151069,0.3733209777061509,0.008265057188130219,4
pancreas_baron,43,0.01,1.1244837226660471,1,2280328936,True,True,oof_audit_passed,5,3,54,0.4134246575342466,0.29679130558170885,0.0070891437534947145,3
pancreas_baron,43,0.01,1.1244837226660471,2,2342903637,True,True,oof_audit_passed,5,3,54,0.37198135856517445,0.2616396103896104,0.0070891437534947145,3
pancreas_baron,43,0.01,1.1244837226660471,3,3342339376,True,True,oof_audit_passed,5,3,54,0.3575913242009132,0.2501779026217229,0.0070891437534947145,3
pancreas_baron,43,0.01,1.1244837226660471,4,2324095067,True,True,oof_audit_passed,5,4,54,0.4892737141380201,0.3772754907069654,0.0070891437534947145,3
pancreas_baron,43,0.01,1.1244837226660471,5,2930437498,True,True,oof_audit_passed,5,4,54,0.45245378374783884,0.3426983346983347,0.0070891437534947145,3
pancreas_baron,43,0.01,1.1244837226660471,6,506645043,True,True,oof_audit_passed,5,4,54,0.4581865622961514,0.3466666666666666,0.008265057188130219,4
pancreas_baron,43,0.01,1.1244837226660471,7,1219642795,True,True,oof_audit_passed,5,4,54,0.5010882089361157,0.3856390977443609,0.0070891437534947145,3
pancreas_baron,43,0.01,1.1244837226660471,8,2151223607,True,True,oof_audit_passed,5,4,54,0.4772341813437704,0.3638199224503292,0.0070891437534947145,3
pancreas_baron,43,0.01,1.1244837226660471,9,2544797344,True,True,oof_audit_passed,5,3,54,0.3860777187587364,0.27745380863801916,0.0070891437534947145,3
pancreas_baron,43,0.01,1.1244837226660471,10,3937042917,True,True,oof_audit_passed,5,4,54,0.46496311907270815,0.3533399646698785,0.0070891437534947145,3
pancreas_baron,43,0.01,1.1244837226660471,11,2922339484,True,True,oof_audit_passed,5,4,54,0.4330363080196835,0.32263283071392723,0.008265057188130219,4
pancreas_baron,43,0.01,1.1244837226660471,12,3594320462,True,True,oof_audit_passed,5,5,54,0.549884834525397,0.4296590135528189,0.008265057188130219,4
pancreas_baron,43,0.01,1.1244837226660471,13,2278772352,True,True,oof_audit_passed,5,4,54,0.45245378374783884,0.33727175080558536,0.0070891437534947145,3
pancreas_baron,43,0.01,1.1244837226660471,14,2628241642,True,True,oof_audit_passed,5,4,54,0.4581865622961514,0.3489082832832833,0.008265057188130219,4
pancreas_baron,43,0.01,1.1244837226660471,15,1064603649,True,True,oof_audit_passed,5,4,54,0.4330363080196835,0.3259667725608619,0.008265057188130219,4
pancreas_baron,43,0.01,1.1244837226660471,16,2846066012,True,True,oof_audit_passed,5,4,54,0.5126839167935059,0.40075187969924814,0.0070891437534947145,3
pancreas_baron,43,0.01,1.1244837226660471,17,63559405,True,True,oof_audit_passed,5,4,54,0.4330363080196835,0.3178487132780405,0.008265057188130219,4
pancreas_baron,43,0.01,1.1244837226660471,18,2973720317,True,True,oof_audit_passed,5,5,54,0.549884834525397,0.43815518816309706,0.008265057188130219,4
pancreas_baron,43,0.01,1.1244837226660471,19,325542360,True,True,oof_audit_passed,5,5,54,0.5604422013938957,0.44604073884571255,0.008265057188130219,4
pancreas_baron,43,0.05,1.1244837226660471,0,2471990757,True,True,oof_audit_passed,5,4,54,0.4772341813437704,0.3705222967064996,0.0070891437534947145,3
pancreas_baron,43,0.05,1.1244837226660471,1,3785651955,True,True,oof_audit_passed,5,4,54,0.4457323498419389,0.3356774496015002,0.008265057188130219,4
pancreas_baron,43,0.05,1.1244837226660471,2,4132223944,True,True,oof_audit_passed,5,4,54,0.4772341813437704,0.3659727891156463,0.0070891437534947145,3
pancreas_baron,43,0.05,1.1244837226660471,3,2787338574,True,True,oof_audit_passed,5,5,54,0.5675839495696449,0.4546153846153846,0.0070891437534947145,3
pancreas_baron,43,0.05,1.1244837226660471,4,1350164833,True,True,oof_audit_passed,5,4,54,0.482396620151069,0.3685104522099985,0.008265057188130219,4
pancreas_baron,43,0.05,1.1244837226660471,5,3276598547,True,True,oof_audit_passed,5,3,54,0.3796872837968729,0.267908792503045,0.008265057188130219,4
pancreas_baron,43,0.05,1.1244837226660471,6,958474469,True,True,oof_audit_passed,5,5,54,0.549884834525397,0.4397045131255658,0.008265057188130219,4
pancreas_baron,43,0.05,1.1244837226660471,7,424275990,True,True,oof_audit_passed,5,4,54,0.47040578960971824,0.35781535286179245,0.008265057188130219,4
pancreas_baron,43,0.05,1.1244837226660471,8,2689171382,True,True,oof_audit_passed,5,4,54,0.482396620151069,0.3718229732987812,0.008265057188130219,4
pancreas_baron,43,0.05,1.1244837226660471,9,3772750095,True,True,oof_audit_passed,5,4,54,0.482396620151069,0.37579722458227127,0.008265057188130219,4
pancreas_baron,43,0.05,1.1244837226660471,10,3755074752,True,True,oof_audit_passed,5,5,54,0.5604422013938957,0.4444699286442406,0.008265057188130219,4
pancreas_baron,43,0.05,1.1244837226660471,11,720472494,True,True,oof_audit_passed,5,4,54,0.47040578960971824,0.3586936587254162,0.008265057188130219,4
pancreas_baron,43,0.05,1.1244837226660471,12,1829084436,True,True,oof_audit_passed,5,3,54,0.3656695554934303,0.2613511520416221,0.008265057188130219,4
pancreas_baron,43,0.05,1.1244837226660471,13,240026890,True,True,oof_audit_passed,5,3,54,0.34289834174477285,0.2351852733385834,0.0070891437534947145,3
pancreas_baron,43,0.05,1.1244837226660471,14,2941955837,True,True,oof_audit_passed,5,5,54,0.549884834525397,0.43424473688365556,0.008265057188130219,4
pancreas_baron,43,0.05,1.1244837226660471,15,913979583,True,True,oof_audit_passed,5,4,54,0.4772341813437704,0.3683609507138919,0.0070891437534947145,3
pancreas_baron,43,0.05,1.1244837226660471,16,2546794645,True,True,oof_audit_passed,5,5,54,0.5569960861056752,0.4457160026201122,0.0070891437534947145,3
pancreas_baron,43,0.05,1.1244837226660471,17,3894588261,True,True,oof_audit_passed,5,4,54,0.5126839167935059,0.4046476946476947,0.0070891437534947145,3
pancreas_baron,43,0.05,1.1244837226660471,18,2702904132,True,True,oof_audit_passed,5,5,54,0.549884834525397,0.43992327005522014,0.008265057188130219,4
pancreas_baron,43,0.05,1.1244837226660471,19,3870297776,True,True,oof_audit_passed,5,4,54,0.4941653982749873,0.3839349470734886,0.008265057188130219,4
pancreas_baron,43,all,1.1218329740371191,0,3767315202,False,False,val_missed=2 < 3,0,0,2,,,,0
pancreas_baron,43,all,1.1218329740371191,1,2434912300,False,False,val_missed=2 < 3,0,0,2,,,,0
pancreas_baron,43,all,1.1218329740371191,2,2855264738,False,False,val_missed=2 < 3,0,0,2,,,,0
pancreas_baron,43,all,1.1218329740371191,3,649676441,False,False,val_missed=2 < 3,0,0,2,,,,0
pancreas_baron,43,all,1.1218329740371191,4,1009945357,False,False,val_missed=2 < 3,0,0,2,,,,0
pancreas_baron,43,all,1.1218329740371191,5,106867858,False,False,val_missed=2 < 3,0,0,2,,,,0
pancreas_baron,43,all,1.1218329740371191,6,4145118637,False,False,val_missed=2 < 3,0,0,2,,,,0
pancreas_baron,43,all,1.1218329740371191,7,3110910183,False,False,val_missed=2 < 3,0,0,2,,,,0
pancreas_baron,43,all,1.1218329740371191,8,761939029,False,False,val_missed=2 < 3,0,0,2,,,,0
pancreas_baron,43,all,1.1218329740371191,9,3438974272,False,False,val_missed=2 < 3,0,0,2,,,,0
pancreas_baron,43,all,1.1218329740371191,10,1495944070,False,False,val_missed=2 < 3,0,0,2,,,,0
pancreas_baron,43,all,1.1218329740371191,11,2600176900,False,False,val_missed=2 < 3,0,0,2,,,,0
pancreas_baron,43,all,1.1218329740371191,12,111248337,False,False,val_missed=2 < 3,0,0,2,,,,0
pancreas_baron,43,all,1.1218329740371191,13,365807506,False,False,val_missed=2 < 3,0,0,2,,,,0
pancreas_baron,43,all,1.1218329740371191,14,1160268024,False,False,val_missed=2 < 3,0,0,2,,,,0
pancreas_baron,43,all,1.1218329740371191,15,3765426403,False,False,val_missed=2 < 3,0,0,2,,,,0
pancreas_baron,43,all,1.1218329740371191,16,1194124319,False,False,val_missed=2 < 3,0,0,2,,,,0
pancreas_baron,43,all,1.1218329740371191,17,768034406,False,False,val_missed=2 < 3,0,0,2,,,,0
pancreas_baron,43,all,1.1218329740371191,18,2725315012,False,False,val_missed=2 < 3,0,0,2,,,,0
pancreas_baron,43,all,1.1218329740371191,19,2385217910,False,False,val_missed=2 < 3,0,0,2,,,,0
pancreas_baron,44,0.01,1.221958717366858,0,1998315597,False,False,"failed:active_folds,gain",5,1,28,0.003209666761068597,-0.03574758025555164,0.00940459827509653,5
pancreas_baron,44,0.01,1.221958717366858,1,587830327,False,False,"failed:active_folds,gain",5,1,28,-0.0207961972667855,-0.04155844155844157,0.0070891437534947145,3
pancreas_baron,44,0.01,1.221958717366858,2,3168815196,False,False,"failed:active_folds,gain",5,1,28,0.01673881673881672,-0.021419277349614574,0.0070891437534947145,3
pancreas_baron,44,0.01,1.221958717366858,3,2045660678,False,False,failed:active_folds,5,2,28,0.07169035487619557,0.015215932663111154,0.00940459827509653,5
pancreas_baron,44,0.01,1.221958717366858,4,3122298308,False,False,"failed:active_folds,gain",5,2,28,0.021901255546115328,-0.021419277349614574,0.008265057188130219,4
pancreas_baron,44,0.01,1.221958717366858,5,3649087631,False,False,"failed:active_folds,gain",5,1,28,0.03578643578643581,-0.003714474695591701,0.005861921247071321,2
pancreas_baron,44,0.01,1.221958717366858,6,693075694,False,False,failed:active_folds,5,1,28,0.05928443311620879,0.010000000000000009,0.005861921247071321,2
pancreas_baron,44,0.01,1.221958717366858,7,152323331,False,False,"failed:active_folds,gain",5,1,28,-0.008041580857114816,-0.034968804780125574,0.0070891437534947145,3
pancreas_baron,44,0.01,1.221958717366858,8,443571471,False,False,failed:active_folds,5,1,28,0.047646274061368454,0.0031375306325335814,0.005861921247071321,2
pancreas_baron,44,0.01,1.221958717366858,9,3491662663,False,False,"failed:active_folds,gain",5,1,28,0.023698523698523655,-0.010766908700026206,0.005861921247071321,2
pancreas_baron,44,0.01,1.221958717366858,10,1523946410,False,False,"failed:active_folds,gain",5,1,28,0.023698523698523655,-0.010462680883472956,0.005861921247071321,2
pancreas_baron,44,0.01,1.221958717366858,11,3838349798,False,False,"failed:active_folds,gain",5,0,28,0.0,0.0,0.0030884961557806076,0
pancreas_baron,44,0.01,1.221958717366858,12,1730610743,False,False,"failed:active_folds,gain",5,0,28,0.0,0.0,0.0030884961557806076,0
pancreas_baron,44,0.01,1.221958717366858,13,3874791555,False,False,"failed:active_folds,gain",5,1,28,0.01673881673881672,-0.021035862548540646,0.0070891437534947145,3
pancreas_baron,44,0.01,1.221958717366858,14,222251061,False,False,"failed:active_folds,gain",5,1,28,0.004467754467754492,-0.027763601102378188,0.0070891437534947145,3
pancreas_baron,44,0.01,1.221958717366858,15,2094622475,False,False,"failed:active_folds,gain",5,1,28,0.02877834953306646,-0.012744042365401559,0.0070891437534947145,3
pancreas_baron,44,0.01,1.221958717366858,16,2681636248,False,False,failed:active_folds,5,1,28,0.05218855218855223,0.0008742180586840787,0.0070891437534947145,3
pancreas_baron,44,0.01,1.221958717366858,17,4059174773,False,False,"failed:active_folds,gain",5,1,28,0.023698523698523655,-0.011762007717844667,0.005861921247071321,2
pancreas_baron,44,0.01,1.221958717366858,18,861115792,False,False,"failed:active_folds,gain",5,1,28,0.023698523698523655,-0.013750527289742341,0.005861921247071321,2
pancreas_baron,44,0.01,1.221958717366858,19,2660629564,False,False,"failed:active_folds,gain",5,1,28,0.04059284433116206,-0.003707537420408763,0.0070891437534947145,3
pancreas_baron,44,0.05,1.221958717366858,0,1377870411,False,False,"failed:active_folds,gain",5,1,28,0.03578643578643581,-0.006669405028628267,0.005861921247071321,2
pancreas_baron,44,0.05,1.221958717366858,1,3426815686,False,False,"failed:active_folds,gain",5,0,28,0.0,0.0,0.0030884961557806076,0
pancreas_baron,44,0.05,1.221958717366858,2,731043587,False,False,"failed:active_folds,gain",5,1,28,0.023698523698523655,-0.013745704467354014,0.005861921247071321,2
pancreas_baron,44,0.05,1.221958717366858,3,2101890651,False,False,"failed:active_folds,gain",5,1,28,0.023698523698523655,-0.013415646773073931,0.005861921247071321,2
pancreas_baron,44,0.05,1.221958717366858,4,1753156919,False,False,"failed:active_folds,gain",5,1,28,0.023698523698523655,-0.013340299669932464,0.005861921247071321,2
pancreas_baron,44,0.05,1.221958717366858,5,3846687315,False,False,"failed:active_folds,gain",5,1,28,0.04059284433116206,-0.008057877532060552,0.0070891437534947145,3
pancreas_baron,44,0.05,1.221958717366858,6,1075834476,False,False,"failed:active_folds,gain",5,1,28,0.023698523698523655,-0.014162240966364648,0.005861921247071321,2
pancreas_baron,44,0.05,1.221958717366858,7,2556453237,False,False,"failed:active_folds,gain",5,0,28,0.0,0.0,0.0030884961557806076,0
pancreas_baron,44,0.05,1.221958717366858,8,99106107,False,False,"failed:active_folds,gain",5,1,28,0.01673881673881672,-0.02089911994097975,0.0070891437534947145,3
pancreas_baron,44,0.05,1.221958717366858,9,3642251179,False,False,"failed:active_folds,gain",5,1,28,0.03578643578643581,-0.0030236307015937157,0.005861921247071321,2
pancreas_baron,44,0.05,1.221958717366858,10,1208813739,False,False,"failed:active_folds,gain",5,1,28,-0.008041580857114816,-0.034411489227510215,0.0070891437534947145,3
pancreas_baron,44,0.05,1.221958717366858,11,4219182822,False,False,"failed:active_folds,gain",5,1,28,0.023698523698523655,-0.012508229098090795,0.005861921247071321,2
pancreas_baron,44,0.05,1.221958717366858,12,538938211,False,False,"failed:active_folds,gain",5,0,28,0.0,0.0,0.0030884961557806076,0
pancreas_baron,44,0.05,1.221958717366858,13,3450970989,False,False,"failed:active_folds,gain",5,1,28,0.011375894871040515,-0.020565926294356263,0.005861921247071321,2
pancreas_baron,44,0.05,1.221958717366858,14,1426314824,False,False,"failed:active_folds,gain",5,0,28,0.0,0.0,0.0030884961557806076,0
pancreas_baron,44,0.05,1.221958717366858,15,3964749718,False,False,"failed:active_folds,gain",5,0,28,0.0,0.0,0.0030884961557806076,0
pancreas_baron,44,0.05,1.221958717366858,16,3701730577,False,False,"failed:active_folds,gain",5,1,28,0.004467754467754492,-0.02830959078123585,0.0070891437534947145,3
pancreas_baron,44,0.05,1.221958717366858,17,339603071,False,False,"failed:active_folds,gain",5,0,28,0.0,0.0,0.0030884961557806076,0
pancreas_baron,44,0.05,1.221958717366858,18,1118406538,False,False,"failed:active_folds,gain",5,1,28,0.023698523698523655,-0.01346938775510198,0.005861921247071321,2
pancreas_baron,44,0.05,1.221958717366858,19,2986223683,False,False,"failed:active_folds,gain",5,0,28,0.0,0.0,0.0030884961557806076,0
pancreas_baron,44,0.10,1.1240523770949333,0,2346338605,False,False,"failed:active_folds,gain",5,2,4,-0.021441550575408863,-0.04256854256854259,0.0070891437534947145,3
pancreas_baron,44,0.10,1.1240523770949333,1,3818242683,False,False,failed:gain,5,4,4,-0.02837049948909065,-0.05083679160362992,0.008265057188130219,4
pancreas_baron,44,0.10,1.1240523770949333,2,1800497682,False,False,failed:gain,5,4,4,-0.02837049948909065,-0.05319912446605936,0.008265057188130219,4
pancreas_baron,44,0.10,1.1240523770949333,3,4106293596,False,False,failed:gain,5,4,4,-0.02837049948909065,-0.05172946184250541,0.008265057188130219,4
pancreas_baron,44,0.10,1.1240523770949333,4,2194818722,False,False,failed:gain,5,3,4,-0.02837049948909065,-0.05012531328320802,0.008265057188130219,4
pancreas_baron,44,0.10,1.1240523770949333,5,4092172740,False,False,failed:gain,5,4,4,-0.021441550575408863,-0.042503816793893145,0.0070891437534947145,3
pancreas_baron,44,0.10,1.1240523770949333,6,798844453,False,False,failed:gain,5,3,4,-0.00725885826771655,-0.021596496671925758,0.0045540488990874544,1
pancreas_baron,44,0.10,1.1240523770949333,7,1698965660,False,False,"failed:active_folds,gain",5,2,4,-0.021441550575408863,-0.042626250666035204,0.0070891437534947145,3
pancreas_baron,44,0.10,1.1240523770949333,8,2657673659,False,False,failed:gain,5,3,4,-0.02837049948909065,-0.050911673122199436,0.008265057188130219,4
pancreas_baron,44,0.10,1.1240523770949333,9,421264604,False,False,failed:gain,5,3,4,-0.00725885826771655,-0.021494009866102948,0.0045540488990874544,1
pancreas_baron,44,0.10,1.1240523770949333,10,1021059205,False,False,failed:gain,5,3,4,-0.02837049948909065,-0.05078173858661661,0.008265057188130219,4
pancreas_baron,44,0.10,1.1240523770949333,11,3455965214,False,False,failed:gain,5,3,4,-0.02837049948909065,-0.05261984392419172,0.008265057188130219,4
pancreas_baron,44,0.10,1.1240523770949333,12,3513033804,False,False,"failed:active_folds,gain",5,1,4,-0.021441550575408863,-0.04329004329004327,0.0070891437534947145,3
pancreas_baron,44,0.10,1.1240523770949333,13,1905046130,False,False,"failed:active_folds,gain",5,2,4,-0.02837049948909065,-0.05262954436867477,0.008265057188130219,4
pancreas_baron,44,0.10,1.1240523770949333,14,1307156436,False,False,failed:gain,5,3,4,-0.021441550575408863,-0.042677238805970186,0.0070891437534947145,3
pancreas_baron,44,0.10,1.1240523770949333,15,1155879159,False,False,failed:gain,5,3,4,-0.021441550575408863,-0.04294917680744448,0.0070891437534947145,3
pancreas_baron,44,0.10,1.1240523770949333,16,2392919741,False,False,failed:gain,5,3,4,-0.02837049948909065,-0.05290669247480924,0.008265057188130219,4
pancreas_baron,44,0.10,1.1240523770949333,17,1013057749,False,False,"failed:active_folds,gain",5,2,4,-0.02837049948909065,-0.051761070809161085,0.008265057188130219,4
pancreas_baron,44,0.10,1.1240523770949333,18,567158554,False,False,failed:gain,5,3,4,-0.021441550575408863,-0.042503816793893145,0.0070891437534947145,3
pancreas_baron,44,0.10,1.1240523770949333,19,658889715,False,False,"failed:active_folds,gain",5,2,4,-0.021441550575408863,-0.042677238805970186,0.0070891437534947145,3
pancreas_baron,44,all,1.0929299673770752,0,2081729691,False,False,val_missed=2 < 3,0,0,2,,,,0
pancreas_baron,44,all,1.0929299673770752,1,3037032469,False,False,val_missed=2 < 3,0,0,2,,,,0
pancreas_baron,44,all,1.0929299673770752,2,3714189146,False,False,val_missed=2 < 3,0,0,2,,,,0
pancreas_baron,44,all,1.0929299673770752,3,1488137112,False,False,val_missed=2 < 3,0,0,2,,,,0
pancreas_baron,44,all,1.0929299673770752,4,1438883193,False,False,val_missed=2 < 3,0,0,2,,,,0
pancreas_baron,44,all,1.0929299673770752,5,894298696,False,False,val_missed=2 < 3,0,0,2,,,,0
pancreas_baron,44,all,1.0929299673770752,6,17621397,False,False,val_missed=2 < 3,0,0,2,,,,0
pancreas_baron,44,all,1.0929299673770752,7,3351982564,False,False,val_missed=2 < 3,0,0,2,,,,0
pancreas_baron,44,all,1.0929299673770752,8,3024069831,False,False,val_missed=2 < 3,0,0,2,,,,0
pancreas_baron,44,all,1.0929299673770752,9,1196503226,False,False,val_missed=2 < 3,0,0,2,,,,0
pancreas_baron,44,all,1.0929299673770752,10,3393967064,False,False,val_missed=2 < 3,0,0,2,,,,0
pancreas_baron,44,all,1.0929299673770752,11,3883338459,False,False,val_missed=2 < 3,0,0,2,,,,0
pancreas_baron,44,all,1.0929299673770752,12,3001161553,False,False,val_missed=2 < 3,0,0,2,,,,0
pancreas_baron,44,all,1.0929299673770752,13,3326207184,False,False,val_missed=2 < 3,0,0,2,,,,0
pancreas_baron,44,all,1.0929299673770752,14,1897346,False,False,val_missed=2 < 3,0,0,2,,,,0
pancreas_baron,44,all,1.0929299673770752,15,2044460823,False,False,val_missed=2 < 3,0,0,2,,,,0
pancreas_baron,44,all,1.0929299673770752,16,4174959128,False,False,val_missed=2 < 3,0,0,2,,,,0
pancreas_baron,44,all,1.0929299673770752,17,874179312,False,False,val_missed=2 < 3,0,0,2,,,,0
pancreas_baron,44,all,1.0929299673770752,18,2640861508,False,False,val_missed=2 < 3,0,0,2,,,,0
pancreas_baron,44,all,1.0929299673770752,19,3128706176,False,False,val_missed=2 < 3,0,0,2,,,,0
mouse_lung_tms_10x,42,0.05,1.1875598337377935,0,1154550273,True,True,oof_audit_passed,5,5,55,0.557504873294347,0.43768427178815655,0.0036979162068947473,1
mouse_lung_tms_10x,42,0.05,1.1875598337377935,1,3128827310,True,True,oof_audit_passed,5,5,55,0.557504873294347,0.43858447488584473,0.0036979162068947473,1
mouse_lung_tms_10x,42,0.05,1.1875598337377935,2,1802459188,True,True,oof_audit_passed,5,5,55,0.557504873294347,0.4438502273101922,0.0036979162068947473,1
mouse_lung_tms_10x,42,0.05,1.1875598337377935,3,2253348014,True,True,oof_audit_passed,5,5,55,0.57466837826273,0.4520008326683551,0.0036979162068947473,1
mouse_lung_tms_10x,42,0.05,1.1875598337377935,4,995640596,True,True,oof_audit_passed,5,5,55,0.557504873294347,0.4472910835665734,0.0036979162068947473,1
mouse_lung_tms_10x,42,0.05,1.1875598337377935,5,1965942394,True,True,oof_audit_passed,5,5,55,0.557504873294347,0.4444444444444444,0.0036979162068947473,1
mouse_lung_tms_10x,42,0.05,1.1875598337377935,6,1245212837,True,True,oof_audit_passed,5,5,55,0.557504873294347,0.4438502273101922,0.0036979162068947473,1
mouse_lung_tms_10x,42,0.05,1.1875598337377935,7,3622207377,True,True,oof_audit_passed,5,5,55,0.57466837826273,0.45735027223230484,0.0036979162068947473,1
mouse_lung_tms_10x,42,0.05,1.1875598337377935,8,3875002465,True,True,oof_audit_passed,5,5,55,0.557504873294347,0.43101604388865405,0.0036979162068947473,1
mouse_lung_tms_10x,42,0.05,1.1875598337377935,9,4177027192,True,True,oof_audit_passed,5,5,55,0.57466837826273,0.4584187742082479,0.0036979162068947473,1
mouse_lung_tms_10x,42,0.05,1.1875598337377935,10,4176016962,True,True,oof_audit_passed,5,5,55,0.557504873294347,0.44385499557913344,0.0036979162068947473,1
mouse_lung_tms_10x,42,0.05,1.1875598337377935,11,177350923,True,True,oof_audit_passed,5,5,55,0.557504873294347,0.43765442311438807,0.0036979162068947473,1
mouse_lung_tms_10x,42,0.05,1.1875598337377935,12,977777705,True,True,oof_audit_passed,5,5,55,0.57466837826273,0.45836534910945076,0.0036979162068947473,1
mouse_lung_tms_10x,42,0.05,1.1875598337377935,13,1888284792,True,True,oof_audit_passed,5,5,55,0.557504873294347,0.4415562675449681,0.0036979162068947473,1
mouse_lung_tms_10x,42,0.05,1.1875598337377935,14,3121886132,True,True,oof_audit_passed,5,5,55,0.57466837826273,0.4584187742082479,0.0036979162068947473,1
mouse_lung_tms_10x,42,0.05,1.1875598337377935,15,1856873425,True,True,oof_audit_passed,5,5,55,0.557504873294347,0.4377011494252874,0.0036979162068947473,1
mouse_lung_tms_10x,42,0.05,1.1875598337377935,16,1938470542,True,True,oof_audit_passed,5,5,55,0.57466837826273,0.45735027223230484,0.0036979162068947473,1
mouse_lung_tms_10x,42,0.05,1.1875598337377935,17,883354852,True,True,oof_audit_passed,5,5,55,0.57466837826273,0.4489451476793249,0.0036979162068947473,1
mouse_lung_tms_10x,42,0.05,1.1875598337377935,18,3234446818,True,True,oof_audit_passed,5,5,55,0.557504873294347,0.43859649122807015,0.0036979162068947473,1
mouse_lung_tms_10x,42,0.05,1.1875598337377935,19,3155950873,True,True,oof_audit_passed,5,5,55,0.557504873294347,0.4365499136685577,0.0036979162068947473,1
mouse_lung_tms_10x,42,all,1.2083994033024412,0,1664492575,False,False,"failed:active_folds,gain",5,1,20,-0.019091507570770272,-0.049237729013395265,0.006711851503755214,4
mouse_lung_tms_10x,42,all,1.2083994033024412,1,351636390,False,False,"failed:active_folds,gain",5,1,20,0.0013166556945358732,-0.03317384370015952,0.005756761102269409,3
mouse_lung_tms_10x,42,all,1.2083994033024412,2,1313204100,False,False,"failed:active_folds,gain",5,1,20,0.02580645161290329,-0.018309276835323324,0.005756761102269409,3
mouse_lung_tms_10x,42,all,1.2083994033024412,3,3078048677,False,False,"failed:active_folds,gain",5,1,20,0.0013166556945358732,-0.033485496689516496,0.005756761102269409,3
mouse_lung_tms_10x,42,all,1.2083994033024412,4,1117220808,False,False,"failed:active_folds,gain",5,1,20,0.017885659533695364,-0.027239125671740506,0.006711851503755214,4
mouse_lung_tms_10x,42,all,1.2083994033024412,5,2054065854,False,False,"failed:active_folds,gain",5,1,20,0.013685239491691092,-0.02673090008241805,0.005756761102269409,3
mouse_lung_tms_10x,42,all,1.2083994033024412,6,3851463919,False,False,"failed:active_folds,gain",5,1,20,0.02580645161290329,-0.01713725490196075,0.005756761102269409,3
mouse_lung_tms_10x,42,all,1.2083994033024412,7,1896823731,False,False,"failed:active_folds,gain",5,1,20,0.013685239491691092,-0.02523043518345597,0.005756761102269409,3
mouse_lung_tms_10x,42,all,1.2083994033024412,8,374723804,False,False,"failed:active_folds,gain",5,2,20,-0.03419354838709676,-0.06995938593082,0.008540716408913494,6
mouse_lung_tms_10x,42,all,1.2083994033024412,9,3803830878,False,False,"failed:active_folds,gain",5,1,20,0.013685239491691092,-0.024742268041237025,0.005756761102269409,3
mouse_lung_tms_10x,42,all,1.2083994033024412,10,812978453,False,False,"failed:active_folds,gain",5,2,20,0.03712720632988442,-0.02105854197349038,0.008540716408913494,6
mouse_lung_tms_10x,42,all,1.2083994033024412,11,3682725272,False,False,"failed:active_folds,gain",5,1,20,-0.011306950448952469,-0.040544844774915836,0.005756761102269409,3
mouse_lung_tms_10x,42,all,1.2083994033024412,12,4003639393,False,False,"failed:active_folds,gain",5,0,20,0.0,0.0,0.0025078310968967023,0
mouse_lung_tms_10x,42,all,1.2083994033024412,13,33557167,False,False,"failed:active_folds,gain",5,1,20,-0.011306950448952469,-0.04095739348370928,0.005756761102269409,3
mouse_lung_tms_10x,42,all,1.2083994033024412,14,914651856,False,False,"failed:active_folds,gain",5,2,20,-0.004962779156327479,-0.054565434565434584,0.009426320308398996,7
mouse_lung_tms_10x,42,all,1.2083994033024412,15,3708495795,False,False,"failed:active_folds,gain",5,1,20,0.005806451612903274,-0.035136661570519104,0.006711851503755214,4
mouse_lung_tms_10x,42,all,1.2083994033024412,16,963243505,False,False,"failed:active_folds,gain",5,2,20,0.014267990074441683,-0.036450800674251944,0.008540716408913494,6
mouse_lung_tms_10x,42,all,1.2083994033024412,17,1240679318,False,False,"failed:active_folds,gain",5,0,20,0.0,0.0,0.0025078310968967023,0
mouse_lung_tms_10x,42,all,1.2083994033024412,18,992156163,False,False,"failed:active_folds,gain",5,1,20,-0.006516780710329129,-0.04380475594493116,0.006711851503755214,4
mouse_lung_tms_10x,42,all,1.2083994033024412,19,2777408672,False,False,"failed:active_folds,gain",5,0,20,0.0,0.0,0.0025078310968967023,0
mouse_lung_tms_10x,43,0.01,1.0977409329134968,0,2263869918,True,True,oof_audit_passed,5,5,55,0.4324447482342219,0.30776942355889725,0.005756761102269409,3
mouse_lung_tms_10x,43,0.01,1.0977409329134968,1,3284421713,True,True,oof_audit_passed,5,5,55,0.45209176788124156,0.3254006799417193,0.005756761102269409,3
mouse_lung_tms_10x,43,0.01,1.0977409329134968,2,3912719707,True,True,oof_audit_passed,5,5,55,0.4324447482342219,0.3055555555555556,0.005756761102269409,3
mouse_lung_tms_10x,43,0.01,1.0977409329134968,3,4204737705,True,True,oof_audit_passed,5,5,55,0.42645074224021595,0.3085446756633197,0.006711851503755214,4
mouse_lung_tms_10x,43,0.01,1.0977409329134968,4,3867037261,True,True,oof_audit_passed,5,5,55,0.4324447482342219,0.3025590501452571,0.005756761102269409,3
mouse_lung_tms_10x,43,0.01,1.0977409329134968,5,3042716636,True,True,oof_audit_passed,5,5,55,0.4324447482342219,0.3126803966437834,0.005756761102269409,3
mouse_lung_tms_10x,43,0.01,1.0977409329134968,6,1003492614,True,True,oof_audit_passed,5,5,55,0.42645074224021595,0.30701754385964913,0.006711851503755214,4
mouse_lung_tms_10x,43,0.01,1.0977409329134968,7,4018695540,True,True,oof_audit_passed,5,5,55,0.4459249389296025,0.31626363205310576,0.006711851503755214,4
mouse_lung_tms_10x,43,0.01,1.0977409329134968,8,551626473,True,True,oof_audit_passed,5,5,55,0.4324447482342219,0.30701754385964913,0.005756761102269409,3
mouse_lung_tms_10x,43,0.01,1.0977409329134968,9,2181414460,True,True,oof_audit_passed,5,5,55,0.4324447482342219,0.3145961265942371,0.005756761102269409,3
mouse_lung_tms_10x,43,0.01,1.0977409329134968,10,386369504,True,True,oof_audit_passed,5,5,55,0.4324447482342219,0.30776942355889725,0.005756761102269409,3
mouse_lung_tms_10x,43,0.01,1.0977409329134968,11,3621769245,True,True,oof_audit_passed,5,5,55,0.42645074224021595,0.3013698630136986,0.006711851503755214,4
mouse_lung_tms_10x,43,0.01,1.0977409329134968,12,649599063,True,True,oof_audit_passed,5,5,55,0.45209176788124156,0.33110946380034595,0.005756761102269409,3
mouse_lung_tms_10x,43,0.01,1.0977409329134968,13,1722408265,True,True,oof_audit_passed,5,5,55,0.4324447482342219,0.31153906591008296,0.005756761102269409,3
mouse_lung_tms_10x,43,0.01,1.0977409329134968,14,3617626465,True,True,oof_audit_passed,5,5,55,0.45209176788124156,0.3287671232876712,0.005756761102269409,3
mouse_lung_tms_10x,43,0.01,1.0977409329134968,15,3976160799,True,True,oof_audit_passed,5,5,55,0.4459249389296025,0.3257713248638838,0.006711851503755214,4
mouse_lung_tms_10x,43,0.01,1.0977409329134968,16,3588312353,True,True,oof_audit_passed,5,5,55,0.4324447482342219,0.30940541752291667,0.005756761102269409,3
mouse_lung_tms_10x,43,0.01,1.0977409329134968,17,319957307,True,True,oof_audit_passed,5,5,55,0.42645074224021595,0.3036764807951249,0.006711851503755214,4
mouse_lung_tms_10x,43,0.01,1.0977409329134968,18,3282819626,True,True,oof_audit_passed,5,5,55,0.4324447482342219,0.30941286113699906,0.005756761102269409,3
mouse_lung_tms_10x,43,0.01,1.0977409329134968,19,4178801767,True,True,oof_audit_passed,5,5,55,0.4324447482342219,0.3029404497158389,0.005756761102269409,3
mouse_lung_tms_10x,43,0.05,1.1049478186428947,0,3573923932,True,True,oof_audit_passed,5,5,56,0.5679012345679012,0.4533333333333333,0.004760053505988308,2
mouse_lung_tms_10x,43,0.05,1.1049478186428947,1,3651759128,True,True,oof_audit_passed,5,5,56,0.5679012345679012,0.4533333333333333,0.004760053505988308,2
mouse_lung_tms_10x,43,0.05,1.1049478186428947,2,2772546529,True,True,oof_audit_passed,5,5,56,0.5679012345679012,0.45316666666666666,0.004760053505988308,2
mouse_lung_tms_10x,43,0.05,1.1049478186428947,3,1476397594,True,True,oof_audit_passed,5,5,56,0.5679012345679012,0.4533333333333333,0.004760053505988308,2
mouse_lung_tms_10x,43,0.05,1.1049478186428947,4,2453885333,True,True,oof_audit_passed,5,5,56,0.5853658536585366,0.47368421052631576,0.004760053505988308,2
mouse_lung_tms_10x,43,0.05,1.1049478186428947,5,638363882,True,True,oof_audit_passed,5,5,56,0.5679012345679012,0.4533333333333333,0.004760053505988308,2
mouse_lung_tms_10x,43,0.05,1.1049478186428947,6,271003058,True,True,oof_audit_passed,5,5,56,0.5853658536585366,0.47368421052631576,0.004760053505988308,2
mouse_lung_tms_10x,43,0.05,1.1049478186428947,7,2343280522,True,True,oof_audit_passed,5,5,56,0.5679012345679012,0.4533333333333333,0.004760053505988308,2
mouse_lung_tms_10x,43,0.05,1.1049478186428947,8,3135308661,True,True,oof_audit_passed,5,5,56,0.5679012345679012,0.45569620253164556,0.004760053505988308,2
mouse_lung_tms_10x,43,0.05,1.1049478186428947,9,2552686492,True,True,oof_audit_passed,5,5,56,0.5679012345679012,0.4594594594594595,0.004760053505988308,2
mouse_lung_tms_10x,43,0.05,1.1049478186428947,10,2179873474,True,True,oof_audit_passed,5,5,56,0.5679012345679012,0.4473684210526316,0.004760053505988308,2
mouse_lung_tms_10x,43,0.05,1.1049478186428947,11,9132340,True,True,oof_audit_passed,5,5,56,0.5853658536585366,0.4675324675324675,0.004760053505988308,2
mouse_lung_tms_10x,43,0.05,1.1049478186428947,12,3861754863,True,True,oof_audit_passed,5,5,56,0.5679012345679012,0.4533333333333333,0.004760053505988308,2
mouse_lung_tms_10x,43,0.05,1.1049478186428947,13,337171443,True,True,oof_audit_passed,5,5,56,0.5679012345679012,0.45,0.004760053505988308,2
mouse_lung_tms_10x,43,0.05,1.1049478186428947,14,1343567378,True,True,oof_audit_passed,5,5,56,0.5679012345679012,0.4533333333333333,0.004760053505988308,2
mouse_lung_tms_10x,43,0.05,1.1049478186428947,15,326337351,True,True,oof_audit_passed,5,5,56,0.5679012345679012,0.4533333333333333,0.004760053505988308,2
mouse_lung_tms_10x,43,0.05,1.1049478186428947,16,2964780066,True,True,oof_audit_passed,5,5,56,0.5679012345679012,0.4533333333333333,0.004760053505988308,2
mouse_lung_tms_10x,43,0.05,1.1049478186428947,17,597655769,True,True,oof_audit_passed,5,5,56,0.5679012345679012,0.4533333333333333,0.004760053505988308,2
mouse_lung_tms_10x,43,0.05,1.1049478186428947,18,2070705935,True,True,oof_audit_passed,5,5,56,0.5679012345679012,0.45303508771929824,0.004760053505988308,2
mouse_lung_tms_10x,43,0.05,1.1049478186428947,19,3606840009,True,True,oof_audit_passed,5,5,56,0.5679012345679012,0.4533333333333333,0.004760053505988308,2
mouse_lung_tms_10x,43,0.10,1.2438605785387364,0,3042093816,True,True,oof_audit_passed,5,5,48,0.473404255319149,0.3528926626490279,0.006711851503755214,4
mouse_lung_tms_10x,43,0.10,1.2438605785387364,1,4262452543,True,True,oof_audit_passed,5,5,48,0.48684210526315785,0.371183027387961,0.006711851503755214,4
mouse_lung_tms_10x,43,0.10,1.2438605785387364,2,2681103263,True,True,oof_audit_passed,5,5,48,0.473404255319149,0.35573612320192344,0.006711851503755214,4
mouse_lung_tms_10x,43,0.10,1.2438605785387364,3,2080606394,True,True,oof_audit_passed,5,5,48,0.48684210526315785,0.37316262145123774,0.006711851503755214,4
mouse_lung_tms_10x,43,0.10,1.2438605785387364,4,3609637118,True,True,oof_audit_passed,5,5,48,0.473404255319149,0.3534349978379829,0.006711851503755214,4
mouse_lung_tms_10x,43,0.10,1.2438605785387364,5,2563554030,True,True,oof_audit_passed,5,5,48,0.48684210526315785,0.3723307327500688,0.006711851503755214,4
mouse_lung_tms_10x,43,0.10,1.2438605785387364,6,3273432614,True,True,oof_audit_passed,5,5,48,0.473404255319149,0.3563103563103563,0.006711851503755214,4
mouse_lung_tms_10x,43,0.10,1.2438605785387364,7,1205183238,True,True,oof_audit_passed,5,5,48,0.48684210526315785,0.36363636363636365,0.006711851503755214,4
mouse_lung_tms_10x,43,0.10,1.2438605785387364,8,3983231273,True,True,oof_audit_passed,5,5,48,0.48684210526315785,0.3661279168719307,0.006711851503755214,4
mouse_lung_tms_10x,43,0.10,1.2438605785387364,9,838443213,True,True,oof_audit_passed,5,5,48,0.48684210526315785,0.3703646082178691,0.006711851503755214,4
mouse_lung_tms_10x,43,0.10,1.2438605785387364,10,52673409,True,True,oof_audit_passed,5,5,48,0.48684210526315785,0.3672939649578196,0.006711851503755214,4
mouse_lung_tms_10x,43,0.10,1.2438605785387364,11,1805994652,True,True,oof_audit_passed,5,5,48,0.48684210526315785,0.37490814716451243,0.006711851503755214,4
mouse_lung_tms_10x,43,0.10,1.2438605785387364,12,1108941621,True,True,oof_audit_passed,5,5,48,0.473404255319149,0.3591417910447761,0.006711851503755214,4
mouse_lung_tms_10x,43,0.10,1.2438605785387364,13,3266925520,True,True,oof_audit_passed,5,5,48,0.48684210526315785,0.36866635550526605,0.006711851503755214,4
mouse_lung_tms_10x,43,0.10,1.2438605785387364,14,1647785864,True,True,oof_audit_passed,5,5,48,0.48118279569892475,0.3606615903511333,0.005756761102269409,3
mouse_lung_tms_10x,43,0.10,1.2438605785387364,15,1520997443,True,True,oof_audit_passed,5,5,48,0.473404255319149,0.3535091190444857,0.006711851503755214,4
mouse_lung_tms_10x,43,0.10,1.2438605785387364,16,3300060192,True,True,oof_audit_passed,5,5,48,0.48684210526315785,0.367851862393953,0.006711851503755214,4
mouse_lung_tms_10x,43,0.10,1.2438605785387364,17,1888209677,True,True,oof_audit_passed,5,5,48,0.473404255319149,0.35033775048480936,0.006711851503755214,4
mouse_lung_tms_10x,43,0.10,1.2438605785387364,18,3135376833,True,True,oof_audit_passed,5,5,48,0.48684210526315785,0.3691272635814889,0.006711851503755214,4
mouse_lung_tms_10x,43,0.10,1.2438605785387364,19,882431645,True,True,oof_audit_passed,5,5,48,0.48684210526315785,0.3705865683782096,0.006711851503755214,4
mouse_lung_tms_10x,43,all,1.2406961329842556,0,628961585,False,False,failed:gain,5,5,14,0.02238532110091751,-0.02239193063625427,0.006711851503755214,4
mouse_lung_tms_10x,43,all,1.2406961329842556,1,802089904,False,False,failed:gain,5,5,14,0.03037037037037038,-0.011982570806100212,0.005756761102269409,3
mouse_lung_tms_10x,43,all,1.2406961329842556,2,3240842012,False,False,failed:gain,5,5,14,0.03037037037037038,-0.013698177704084524,0.005756761102269409,3
mouse_lung_tms_10x,43,all,1.2406961329842556,3,1849523594,False,False,failed:gain,5,5,14,0.03037037037037038,-0.014709181704072705,0.005756761102269409,3
mouse_lung_tms_10x,43,all,1.2406961329842556,4,807564346,False,False,failed:gain,5,5,14,0.03037037037037038,-0.013980998301846187,0.005756761102269409,3
mouse_lung_tms_10x,43,all,1.2406961329842556,5,2338838240,False,False,failed:gain,5,5,14,0.03037037037037038,-0.01324082957110062,0.005756761102269409,3
mouse_lung_tms_10x,43,all,1.2406961329842556,6,408553919,False,False,failed:gain,5,5,14,0.02238532110091751,-0.022622812765859635,0.006711851503755214,4
mouse_lung_tms_10x,43,all,1.2406961329842556,7,3704674231,False,False,failed:gain,5,5,14,0.03037037037037038,-0.012960376082768793,0.005756761102269409,3
mouse_lung_tms_10x,43,all,1.2406961329842556,8,1966609119,False,False,failed:gain,5,5,14,0.03037037037037038,-0.013258465549546189,0.005756761102269409,3
mouse_lung_tms_10x,43,all,1.2406961329842556,9,788209640,False,False,failed:gain,5,5,14,0.03037037037037038,-0.014127340013201206,0.005756761102269409,3
mouse_lung_tms_10x,43,all,1.2406961329842556,10,1413954773,False,False,failed:gain,5,5,14,0.03037037037037038,-0.013395482405383352,0.005756761102269409,3
mouse_lung_tms_10x,43,all,1.2406961329842556,11,3506679621,False,False,failed:gain,5,5,14,0.03037037037037038,-0.012722832631267621,0.005756761102269409,3
mouse_lung_tms_10x,43,all,1.2406961329842556,12,2187929370,False,False,failed:gain,5,5,14,0.03037037037037038,-0.013846153846153841,0.005756761102269409,3
mouse_lung_tms_10x,43,all,1.2406961329842556,13,3000783774,False,False,failed:gain,5,5,14,0.03037037037037038,-0.014615609536662138,0.005756761102269409,3
mouse_lung_tms_10x,43,all,1.2406961329842556,14,2433588577,False,False,failed:gain,5,5,14,0.02238532110091751,-0.022539857064321045,0.006711851503755214,4
mouse_lung_tms_10x,43,all,1.2406961329842556,15,2111251926,False,False,failed:gain,5,5,14,0.03037037037037038,-0.011481884722139535,0.005756761102269409,3
mouse_lung_tms_10x,43,all,1.2406961329842556,16,1469521638,False,False,failed:gain,5,5,14,0.03037037037037038,-0.013120347421373761,0.005756761102269409,3
mouse_lung_tms_10x,43,all,1.2406961329842556,17,1804564205,False,False,failed:gain,5,5,14,0.03037037037037038,-0.011903678005163159,0.005756761102269409,3
mouse_lung_tms_10x,43,all,1.2406961329842556,18,3903269030,False,False,failed:gain,5,5,14,0.03037037037037038,-0.014758697871905474,0.005756761102269409,3
mouse_lung_tms_10x,43,all,1.2406961329842556,19,2723080192,False,False,failed:gain,5,5,14,0.03037037037037038,-0.011888111888111896,0.005756761102269409,3
mouse_lung_tms_10x,44,0.10,1.1494793580400469,0,3550524147,True,True,oof_audit_passed,5,5,37,0.24058608058608055,0.14467161471218867,0.0036979162068947473,1
mouse_lung_tms_10x,44,0.10,1.1494793580400469,1,1916751464,True,True,oof_audit_passed,5,5,37,0.24058608058608055,0.1543427317517493,0.0036979162068947473,1
mouse_lung_tms_10x,44,0.10,1.1494793580400469,2,559407309,True,True,oof_audit_passed,5,5,37,0.24058608058608055,0.14509651509262855,0.0036979162068947473,1
mouse_lung_tms_10x,44,0.10,1.1494793580400469,3,3629730042,True,True,oof_audit_passed,5,5,37,0.24058608058608055,0.15221987315010577,0.0036979162068947473,1
mouse_lung_tms_10x,44,0.10,1.1494793580400469,4,1737375355,True,True,oof_audit_passed,5,5,37,0.24058608058608055,0.14866293909110334,0.0036979162068947473,1
mouse_lung_tms_10x,44,0.10,1.1494793580400469,5,1327708430,True,True,oof_audit_passed,5,5,37,0.24058608058608055,0.14808975011345976,0.0036979162068947473,1
mouse_lung_tms_10x,44,0.10,1.1494793580400469,6,725944310,True,True,oof_audit_passed,5,5,37,0.24058608058608055,0.1493942222003916,0.0036979162068947473,1
mouse_lung_tms_10x,44,0.10,1.1494793580400469,7,1999395998,True,True,oof_audit_passed,5,5,37,0.24058608058608055,0.1549985594929415,0.0036979162068947473,1
mouse_lung_tms_10x,44,0.10,1.1494793580400469,8,464743898,True,True,oof_audit_passed,5,5,37,0.24058608058608055,0.15194681861348536,0.0036979162068947473,1
mouse_lung_tms_10x,44,0.10,1.1494793580400469,9,736442223,True,True,oof_audit_passed,5,5,37,0.24058608058608055,0.14724053724053726,0.0036979162068947473,1
mouse_lung_tms_10x,44,0.10,1.1494793580400469,10,2332544736,True,True,oof_audit_passed,5,5,37,0.24058608058608055,0.1522167226298554,0.0036979162068947473,1
mouse_lung_tms_10x,44,0.10,1.1494793580400469,11,506137981,True,True,oof_audit_passed,5,5,37,0.24058608058608055,0.1511746680286007,0.0036979162068947473,1
mouse_lung_tms_10x,44,0.10,1.1494793580400469,12,3807872633,True,True,oof_audit_passed,5,5,37,0.24058608058608055,0.14690783197112314,0.0036979162068947473,1
mouse_lung_tms_10x,44,0.10,1.1494793580400469,13,975371134,True,True,oof_audit_passed,5,5,37,0.24058608058608055,0.14853717606487565,0.0036979162068947473,1
mouse_lung_tms_10x,44,0.10,1.1494793580400469,14,3938964556,True,True,oof_audit_passed,5,5,37,0.24058608058608055,0.1488994805099818,0.0036979162068947473,1
mouse_lung_tms_10x,44,0.10,1.1494793580400469,15,1768910201,True,True,oof_audit_passed,5,5,37,0.24058608058608055,0.14840187384195871,0.0036979162068947473,1
mouse_lung_tms_10x,44,0.10,1.1494793580400469,16,719720998,True,True,oof_audit_passed,5,5,37,0.24058608058608055,0.15308770108977687,0.0036979162068947473,1
mouse_lung_tms_10x,44,0.10,1.1494793580400469,17,4288801498,True,True,oof_audit_passed,5,5,37,0.24058608058608055,0.14582179903270973,0.0036979162068947473,1
mouse_lung_tms_10x,44,0.10,1.1494793580400469,18,3991429786,True,True,oof_audit_passed,5,5,37,0.24058608058608055,0.14964675026637167,0.0036979162068947473,1
mouse_lung_tms_10x,44,0.10,1.1494793580400469,19,1649067337,True,True,oof_audit_passed,5,5,37,0.24058608058608055,0.14695461401343757,0.0036979162068947473,1
