region,analysis,baseline,dataset,dataset_effect,n_within_dataset_pairs
ALL rts (8ds x 4rts x 3seed),nominal_budget,scANVI,immune_dc,0.2578333333333333,12
ALL rts (8ds x 4rts x 3seed),nominal_budget,scANVI,mouse_lung_tms_10x,0.11033333333333334,12
ALL rts (8ds x 4rts x 3seed),nominal_budget,scANVI,mouse_pancreas_tms_10x,0.096275,12
ALL rts (8ds x 4rts x 3seed),nominal_budget,scANVI,pancreas_baron,0.09755833333333334,12
ALL rts (8ds x 4rts x 3seed),nominal_budget,scANVI,pancreas_integrated,0.08333333333333333,12
ALL rts (8ds x 4rts x 3seed),nominal_budget,scANVI,tabula_lung_endo,0.195975,12
ALL rts (8ds x 4rts x 3seed),nominal_budget,scANVI,tabula_sapiens_stomach,0.12442500000000001,12
ALL rts (8ds x 4rts x 3seed),nominal_budget,scANVI,tabula_small_intestine,0.0,12
ALL rts (8ds x 4rts x 3seed),nominal_budget,kNN,immune_dc,0.16491666666666663,12
ALL rts (8ds x 4rts x 3seed),nominal_budget,kNN,mouse_lung_tms_10x,0.07686666666666665,12
ALL rts (8ds x 4rts x 3seed),nominal_budget,kNN,mouse_pancreas_tms_10x,0.042625,12
ALL rts (8ds x 4rts x 3seed),nominal_budget,kNN,pancreas_baron,0.1459,12
ALL rts (8ds x 4rts x 3seed),nominal_budget,kNN,pancreas_integrated,0.011291666666666672,12
ALL rts (8ds x 4rts x 3seed),nominal_budget,kNN,tabula_lung_endo,0.03933333333333334,12
ALL rts (8ds x 4rts x 3seed),nominal_budget,kNN,tabula_sapiens_stomach,0.3780416666666666,12
ALL rts (8ds x 4rts x 3seed),nominal_budget,kNN,tabula_small_intestine,0.0014500000000000253,12
ALL rts (8ds x 4rts x 3seed),nominal_budget,CellTypist,immune_dc,0.30046666666666666,12
ALL rts (8ds x 4rts x 3seed),nominal_budget,CellTypist,mouse_lung_tms_10x,0.13146666666666665,12
ALL rts (8ds x 4rts x 3seed),nominal_budget,CellTypist,mouse_pancreas_tms_10x,0.23914166666666667,12
ALL rts (8ds x 4rts x 3seed),nominal_budget,CellTypist,pancreas_baron,0.28565833333333335,12
ALL rts (8ds x 4rts x 3seed),nominal_budget,CellTypist,pancreas_integrated,0.010649999999999993,12
ALL rts (8ds x 4rts x 3seed),nominal_budget,CellTypist,tabula_lung_endo,0.30226666666666663,12
ALL rts (8ds x 4rts x 3seed),nominal_budget,CellTypist,tabula_sapiens_stomach,0.14606666666666665,12
ALL rts (8ds x 4rts x 3seed),nominal_budget,CellTypist,tabula_small_intestine,0.01975833333333336,12
ALL rts (8ds x 4rts x 3seed),nominal_budget,scBalance,immune_dc,0.3490416666666667,12
ALL rts (8ds x 4rts x 3seed),nominal_budget,scBalance,mouse_lung_tms_10x,0.07717500000000001,12
ALL rts (8ds x 4rts x 3seed),nominal_budget,scBalance,mouse_pancreas_tms_10x,0.17365833333333333,12
ALL rts (8ds x 4rts x 3seed),nominal_budget,scBalance,pancreas_baron,0.24141666666666664,12
ALL rts (8ds x 4rts x 3seed),nominal_budget,scBalance,pancreas_integrated,0.002641666666666672,12
ALL rts (8ds x 4rts x 3seed),nominal_budget,scBalance,tabula_lung_endo,0.11835,12
ALL rts (8ds x 4rts x 3seed),nominal_budget,scBalance,tabula_sapiens_stomach,0.24684999999999999,12
ALL rts (8ds x 4rts x 3seed),nominal_budget,scBalance,tabula_small_intestine,0.07948333333333335,12
ALL rts (8ds x 4rts x 3seed),nominal_budget,ProtoCloud,immune_dc,0.3643083333333333,12
ALL rts (8ds x 4rts x 3seed),nominal_budget,ProtoCloud,mouse_lung_tms_10x,0.153975,12
ALL rts (8ds x 4rts x 3seed),nominal_budget,ProtoCloud,mouse_pancreas_tms_10x,0.29581666666666667,12
ALL rts (8ds x 4rts x 3seed),nominal_budget,ProtoCloud,pancreas_baron,0.21369166666666664,12
ALL rts (8ds x 4rts x 3seed),nominal_budget,ProtoCloud,pancreas_integrated,0.03162499999999999,12
ALL rts (8ds x 4rts x 3seed),nominal_budget,ProtoCloud,tabula_lung_endo,0.11778333333333331,12
ALL rts (8ds x 4rts x 3seed),nominal_budget,ProtoCloud,tabula_sapiens_stomach,0.24007499999999996,12
ALL rts (8ds x 4rts x 3seed),nominal_budget,ProtoCloud,tabula_small_intestine,0.0038166666666666904,12
ALL rts (8ds x 4rts x 3seed),nominal_budget,HiCat,immune_dc,0.6012000000000001,12
ALL rts (8ds x 4rts x 3seed),nominal_budget,HiCat,mouse_lung_tms_10x,0.26515833333333333,12
ALL rts (8ds x 4rts x 3seed),nominal_budget,HiCat,mouse_pancreas_tms_10x,0.6470833333333333,12
ALL rts (8ds x 4rts x 3seed),nominal_budget,HiCat,pancreas_baron,0.463325,12
ALL rts (8ds x 4rts x 3seed),nominal_budget,HiCat,pancreas_integrated,0.3201583333333333,12
ALL rts (8ds x 4rts x 3seed),nominal_budget,HiCat,tabula_lung_endo,0.7424916666666667,12
ALL rts (8ds x 4rts x 3seed),nominal_budget,HiCat,tabula_sapiens_stomach,0.5131333333333333,12
ALL rts (8ds x 4rts x 3seed),nominal_budget,HiCat,tabula_small_intestine,0.49030833333333335,12
ALL rts (8ds x 4rts x 3seed),nominal_budget,scCAD,immune_dc,0.397475,12
ALL rts (8ds x 4rts x 3seed),nominal_budget,scCAD,mouse_lung_tms_10x,0.22575,12
ALL rts (8ds x 4rts x 3seed),nominal_budget,scCAD,mouse_pancreas_tms_10x,0.30328333333333335,12
ALL rts (8ds x 4rts x 3seed),nominal_budget,scCAD,pancreas_baron,0.26441666666666663,12
ALL rts (8ds x 4rts x 3seed),nominal_budget,scCAD,pancreas_integrated,0.30063333333333336,12
ALL rts (8ds x 4rts x 3seed),nominal_budget,scCAD,tabula_lung_endo,0.09536666666666667,12
ALL rts (8ds x 4rts x 3seed),nominal_budget,scCAD,tabula_sapiens_stomach,0.463725,12
ALL rts (8ds x 4rts x 3seed),nominal_budget,scCAD,tabula_small_intestine,0.45565833333333333,12
ALL rts (8ds x 4rts x 3seed),nominal_budget,TOSICA,immune_dc,0.31650833333333334,12
ALL rts (8ds x 4rts x 3seed),nominal_budget,TOSICA,mouse_lung_tms_10x,0.11039166666666667,12
ALL rts (8ds x 4rts x 3seed),nominal_budget,TOSICA,mouse_pancreas_tms_10x,0.3646916666666667,12
ALL rts (8ds x 4rts x 3seed),nominal_budget,TOSICA,pancreas_baron,0.5841583333333333,12
ALL rts (8ds x 4rts x 3seed),nominal_budget,TOSICA,pancreas_integrated,0.12908333333333333,12
ALL rts (8ds x 4rts x 3seed),nominal_budget,TOSICA,tabula_lung_endo,0.06858333333333332,12
ALL rts (8ds x 4rts x 3seed),nominal_budget,TOSICA,tabula_sapiens_stomach,0.5580916666666667,12
ALL rts (8ds x 4rts x 3seed),nominal_budget,TOSICA,tabula_small_intestine,0.5929000000000001,12
SCARCE rts<=0.10 (8ds x 3rts x 3seed),nominal_budget,scANVI,immune_dc,0.34292222222222224,9
SCARCE rts<=0.10 (8ds x 3rts x 3seed),nominal_budget,scANVI,mouse_lung_tms_10x,0.14755555555555555,9
SCARCE rts<=0.10 (8ds x 3rts x 3seed),nominal_budget,scANVI,mouse_pancreas_tms_10x,0.1311,9
SCARCE rts<=0.10 (8ds x 3rts x 3seed),nominal_budget,scANVI,pancreas_baron,0.1300777777777778,9
SCARCE rts<=0.10 (8ds x 3rts x 3seed),nominal_budget,scANVI,pancreas_integrated,0.1111111111111111,9
SCARCE rts<=0.10 (8ds x 3rts x 3seed),nominal_budget,scANVI,tabula_lung_endo,0.26130000000000003,9
SCARCE rts<=0.10 (8ds x 3rts x 3seed),nominal_budget,scANVI,tabula_sapiens_stomach,0.11216666666666668,9
SCARCE rts<=0.10 (8ds x 3rts x 3seed),nominal_budget,scANVI,tabula_small_intestine,0.0,9
SCARCE rts<=0.10 (8ds x 3rts x 3seed),collapse_aware_effective_count,scANVI,immune_dc,0.34292222222222224,9
SCARCE rts<=0.10 (8ds x 3rts x 3seed),collapse_aware_effective_count,scANVI,mouse_lung_tms_10x,0.14755555555555555,9
SCARCE rts<=0.10 (8ds x 3rts x 3seed),collapse_aware_effective_count,scANVI,mouse_pancreas_tms_10x,0.1311,9
SCARCE rts<=0.10 (8ds x 3rts x 3seed),collapse_aware_effective_count,scANVI,pancreas_baron,0.10318333333333334,6
SCARCE rts<=0.10 (8ds x 3rts x 3seed),collapse_aware_effective_count,scANVI,pancreas_integrated,0.1111111111111111,9
SCARCE rts<=0.10 (8ds x 3rts x 3seed),collapse_aware_effective_count,scANVI,tabula_lung_endo,0.26130000000000003,9
SCARCE rts<=0.10 (8ds x 3rts x 3seed),collapse_aware_effective_count,scANVI,tabula_sapiens_stomach,0.11216666666666668,3
SCARCE rts<=0.10 (8ds x 3rts x 3seed),collapse_aware_effective_count,scANVI,tabula_small_intestine,0.0,9
SCARCE rts<=0.10 (8ds x 3rts x 3seed),nominal_budget,kNN,immune_dc,0.21784444444444442,9
SCARCE rts<=0.10 (8ds x 3rts x 3seed),nominal_budget,kNN,mouse_lung_tms_10x,0.11122222222222221,9
SCARCE rts<=0.10 (8ds x 3rts x 3seed),nominal_budget,kNN,mouse_pancreas_tms_10x,0.05983333333333334,9
SCARCE rts<=0.10 (8ds x 3rts x 3seed),nominal_budget,kNN,pancreas_baron,0.1958222222222222,9
SCARCE rts<=0.10 (8ds x 3rts x 3seed),nominal_budget,kNN,pancreas_integrated,0.015155555555555552,9
SCARCE rts<=0.10 (8ds x 3rts x 3seed),nominal_budget,kNN,tabula_lung_endo,0.053188888888888904,9
SCARCE rts<=0.10 (8ds x 3rts x 3seed),nominal_budget,kNN,tabula_sapiens_stomach,0.43453333333333327,9
SCARCE rts<=0.10 (8ds x 3rts x 3seed),nominal_budget,kNN,tabula_small_intestine,0.0027444444444444877,9
SCARCE rts<=0.10 (8ds x 3rts x 3seed),collapse_aware_effective_count,kNN,immune_dc,0.21784444444444442,9
SCARCE rts<=0.10 (8ds x 3rts x 3seed),collapse_aware_effective_count,kNN,mouse_lung_tms_10x,0.11122222222222221,9
SCARCE rts<=0.10 (8ds x 3rts x 3seed),collapse_aware_effective_count,kNN,mouse_pancreas_tms_10x,0.05983333333333334,9
SCARCE rts<=0.10 (8ds x 3rts x 3seed),collapse_aware_effective_count,kNN,pancreas_baron,0.19956666666666664,6
SCARCE rts<=0.10 (8ds x 3rts x 3seed),collapse_aware_effective_count,kNN,pancreas_integrated,0.015155555555555552,9
SCARCE rts<=0.10 (8ds x 3rts x 3seed),collapse_aware_effective_count,kNN,tabula_lung_endo,0.053188888888888904,9
SCARCE rts<=0.10 (8ds x 3rts x 3seed),collapse_aware_effective_count,kNN,tabula_sapiens_stomach,0.43453333333333327,3
SCARCE rts<=0.10 (8ds x 3rts x 3seed),collapse_aware_effective_count,kNN,tabula_small_intestine,0.0027444444444444877,9
SCARCE rts<=0.10 (8ds x 3rts x 3seed),nominal_budget,CellTypist,immune_dc,0.40247777777777777,9
SCARCE rts<=0.10 (8ds x 3rts x 3seed),nominal_budget,CellTypist,mouse_lung_tms_10x,0.17834444444444447,9
SCARCE rts<=0.10 (8ds x 3rts x 3seed),nominal_budget,CellTypist,mouse_pancreas_tms_10x,0.3219666666666667,9
SCARCE rts<=0.10 (8ds x 3rts x 3seed),nominal_budget,CellTypist,pancreas_baron,0.40478888888888886,9
SCARCE rts<=0.10 (8ds x 3rts x 3seed),nominal_budget,CellTypist,pancreas_integrated,0.025833333333333312,9
SCARCE rts<=0.10 (8ds x 3rts x 3seed),nominal_budget,CellTypist,tabula_lung_endo,0.40311111111111114,9
SCARCE rts<=0.10 (8ds x 3rts x 3seed),nominal_budget,CellTypist,tabula_sapiens_stomach,0.22866666666666666,9
SCARCE rts<=0.10 (8ds x 3rts x 3seed),nominal_budget,CellTypist,tabula_small_intestine,0.029622222222222255,9
SCARCE rts<=0.10 (8ds x 3rts x 3seed),collapse_aware_effective_count,CellTypist,immune_dc,0.40247777777777777,9
SCARCE rts<=0.10 (8ds x 3rts x 3seed),collapse_aware_effective_count,CellTypist,mouse_lung_tms_10x,0.17834444444444447,9
SCARCE rts<=0.10 (8ds x 3rts x 3seed),collapse_aware_effective_count,CellTypist,mouse_pancreas_tms_10x,0.3219666666666667,9
SCARCE rts<=0.10 (8ds x 3rts x 3seed),collapse_aware_effective_count,CellTypist,pancreas_baron,0.35728333333333334,6
SCARCE rts<=0.10 (8ds x 3rts x 3seed),collapse_aware_effective_count,CellTypist,pancreas_integrated,0.025833333333333312,9
SCARCE rts<=0.10 (8ds x 3rts x 3seed),collapse_aware_effective_count,CellTypist,tabula_lung_endo,0.40311111111111114,9
SCARCE rts<=0.10 (8ds x 3rts x 3seed),collapse_aware_effective_count,CellTypist,tabula_sapiens_stomach,0.22866666666666666,3
SCARCE rts<=0.10 (8ds x 3rts x 3seed),collapse_aware_effective_count,CellTypist,tabula_small_intestine,0.029622222222222255,9
SCARCE rts<=0.10 (8ds x 3rts x 3seed),nominal_budget,scBalance,immune_dc,0.46346666666666664,9
SCARCE rts<=0.10 (8ds x 3rts x 3seed),nominal_budget,scBalance,mouse_lung_tms_10x,0.10651111111111113,9
SCARCE rts<=0.10 (8ds x 3rts x 3seed),nominal_budget,scBalance,mouse_pancreas_tms_10x,0.23045555555555555,9
SCARCE rts<=0.10 (8ds x 3rts x 3seed),nominal_budget,scBalance,pancreas_baron,0.3318888888888889,9
SCARCE rts<=0.10 (8ds x 3rts x 3seed),nominal_budget,scBalance,pancreas_integrated,0.015155555555555552,9
SCARCE rts<=0.10 (8ds x 3rts x 3seed),nominal_budget,scBalance,tabula_lung_endo,0.1586777777777778,9
SCARCE rts<=0.10 (8ds x 3rts x 3seed),nominal_budget,scBalance,tabula_sapiens_stomach,0.3311444444444444,9
SCARCE rts<=0.10 (8ds x 3rts x 3seed),nominal_budget,scBalance,tabula_small_intestine,0.10762222222222223,9
SCARCE rts<=0.10 (8ds x 3rts x 3seed),collapse_aware_effective_count,scBalance,immune_dc,0.46346666666666664,9
SCARCE rts<=0.10 (8ds x 3rts x 3seed),collapse_aware_effective_count,scBalance,mouse_lung_tms_10x,0.10651111111111113,9
SCARCE rts<=0.10 (8ds x 3rts x 3seed),collapse_aware_effective_count,scBalance,mouse_pancreas_tms_10x,0.23045555555555555,9
SCARCE rts<=0.10 (8ds x 3rts x 3seed),collapse_aware_effective_count,scBalance,pancreas_baron,0.27871666666666667,6
SCARCE rts<=0.10 (8ds x 3rts x 3seed),collapse_aware_effective_count,scBalance,pancreas_integrated,0.015155555555555552,9
SCARCE rts<=0.10 (8ds x 3rts x 3seed),collapse_aware_effective_count,scBalance,tabula_lung_endo,0.1586777777777778,9
SCARCE rts<=0.10 (8ds x 3rts x 3seed),collapse_aware_effective_count,scBalance,tabula_sapiens_stomach,0.33114444444444446,3
SCARCE rts<=0.10 (8ds x 3rts x 3seed),collapse_aware_effective_count,scBalance,tabula_small_intestine,0.10762222222222223,9
SCARCE rts<=0.10 (8ds x 3rts x 3seed),nominal_budget,ProtoCloud,immune_dc,0.48116666666666663,9
SCARCE rts<=0.10 (8ds x 3rts x 3seed),nominal_budget,ProtoCloud,mouse_lung_tms_10x,0.17872222222222223,9
SCARCE rts<=0.10 (8ds x 3rts x 3seed),nominal_budget,ProtoCloud,mouse_pancreas_tms_10x,0.3990111111111111,9
SCARCE rts<=0.10 (8ds x 3rts x 3seed),nominal_budget,ProtoCloud,pancreas_baron,0.3026,9
SCARCE rts<=0.10 (8ds x 3rts x 3seed),nominal_budget,ProtoCloud,pancreas_integrated,0.038111111111111096,9
SCARCE rts<=0.10 (8ds x 3rts x 3seed),nominal_budget,ProtoCloud,tabula_lung_endo,0.1596,9
SCARCE rts<=0.10 (8ds x 3rts x 3seed),nominal_budget,ProtoCloud,tabula_sapiens_stomach,0.36539999999999995,9
SCARCE rts<=0.10 (8ds x 3rts x 3seed),nominal_budget,ProtoCloud,tabula_small_intestine,0.008366666666666696,9
SCARCE rts<=0.10 (8ds x 3rts x 3seed),collapse_aware_effective_count,ProtoCloud,immune_dc,0.48116666666666663,9
SCARCE rts<=0.10 (8ds x 3rts x 3seed),collapse_aware_effective_count,ProtoCloud,mouse_lung_tms_10x,0.17872222222222223,9
SCARCE rts<=0.10 (8ds x 3rts x 3seed),collapse_aware_effective_count,ProtoCloud,mouse_pancreas_tms_10x,0.3990111111111111,9
SCARCE rts<=0.10 (8ds x 3rts x 3seed),collapse_aware_effective_count,ProtoCloud,pancreas_baron,0.27224999999999994,6
SCARCE rts<=0.10 (8ds x 3rts x 3seed),collapse_aware_effective_count,ProtoCloud,pancreas_integrated,0.038111111111111096,9
SCARCE rts<=0.10 (8ds x 3rts x 3seed),collapse_aware_effective_count,ProtoCloud,tabula_lung_endo,0.1596,9
SCARCE rts<=0.10 (8ds x 3rts x 3seed),collapse_aware_effective_count,ProtoCloud,tabula_sapiens_stomach,0.3654,3
SCARCE rts<=0.10 (8ds x 3rts x 3seed),collapse_aware_effective_count,ProtoCloud,tabula_small_intestine,0.008366666666666696,9
SCARCE rts<=0.10 (8ds x 3rts x 3seed),nominal_budget,HiCat,immune_dc,0.7818,9
SCARCE rts<=0.10 (8ds x 3rts x 3seed),nominal_budget,HiCat,mouse_lung_tms_10x,0.25693333333333335,9
SCARCE rts<=0.10 (8ds x 3rts x 3seed),nominal_budget,HiCat,mouse_pancreas_tms_10x,0.8413555555555555,9
SCARCE rts<=0.10 (8ds x 3rts x 3seed),nominal_budget,HiCat,pancreas_baron,0.6243444444444444,9
SCARCE rts<=0.10 (8ds x 3rts x 3seed),nominal_budget,HiCat,pancreas_integrated,0.43851111111111113,9
SCARCE rts<=0.10 (8ds x 3rts x 3seed),nominal_budget,HiCat,tabula_lung_endo,0.9492888888888888,9
SCARCE rts<=0.10 (8ds x 3rts x 3seed),nominal_budget,HiCat,tabula_sapiens_stomach,0.7056666666666667,9
SCARCE rts<=0.10 (8ds x 3rts x 3seed),nominal_budget,HiCat,tabula_small_intestine,0.6526666666666667,9
SCARCE rts<=0.10 (8ds x 3rts x 3seed),collapse_aware_effective_count,HiCat,immune_dc,0.7818,9
SCARCE rts<=0.10 (8ds x 3rts x 3seed),collapse_aware_effective_count,HiCat,mouse_lung_tms_10x,0.25693333333333335,9
SCARCE rts<=0.10 (8ds x 3rts x 3seed),collapse_aware_effective_count,HiCat,mouse_pancreas_tms_10x,0.8413555555555555,9
SCARCE rts<=0.10 (8ds x 3rts x 3seed),collapse_aware_effective_count,HiCat,pancreas_baron,0.6550666666666666,6
SCARCE rts<=0.10 (8ds x 3rts x 3seed),collapse_aware_effective_count,HiCat,pancreas_integrated,0.43851111111111113,9
SCARCE rts<=0.10 (8ds x 3rts x 3seed),collapse_aware_effective_count,HiCat,tabula_lung_endo,0.9492888888888888,9
SCARCE rts<=0.10 (8ds x 3rts x 3seed),collapse_aware_effective_count,HiCat,tabula_sapiens_stomach,0.7056666666666667,3
SCARCE rts<=0.10 (8ds x 3rts x 3seed),collapse_aware_effective_count,HiCat,tabula_small_intestine,0.6526666666666667,9
SCARCE rts<=0.10 (8ds x 3rts x 3seed),nominal_budget,scCAD,immune_dc,0.4666666666666667,9
SCARCE rts<=0.10 (8ds x 3rts x 3seed),nominal_budget,scCAD,mouse_lung_tms_10x,0.19741111111111112,9
SCARCE rts<=0.10 (8ds x 3rts x 3seed),nominal_budget,scCAD,mouse_pancreas_tms_10x,0.3286888888888889,9
SCARCE rts<=0.10 (8ds x 3rts x 3seed),nominal_budget,scCAD,pancreas_baron,0.2823222222222222,9
SCARCE rts<=0.10 (8ds x 3rts x 3seed),nominal_budget,scCAD,pancreas_integrated,0.3049,9
SCARCE rts<=0.10 (8ds x 3rts x 3seed),nominal_budget,scCAD,tabula_lung_endo,0.12483333333333332,9
SCARCE rts<=0.10 (8ds x 3rts x 3seed),nominal_budget,scCAD,tabula_sapiens_stomach,0.4645,9
SCARCE rts<=0.10 (8ds x 3rts x 3seed),nominal_budget,scCAD,tabula_small_intestine,0.4565444444444445,9
SCARCE rts<=0.10 (8ds x 3rts x 3seed),collapse_aware_effective_count,scCAD,immune_dc,0.4666666666666667,9
SCARCE rts<=0.10 (8ds x 3rts x 3seed),collapse_aware_effective_count,scCAD,mouse_lung_tms_10x,0.19741111111111112,9
SCARCE rts<=0.10 (8ds x 3rts x 3seed),collapse_aware_effective_count,scCAD,mouse_pancreas_tms_10x,0.3286888888888889,9
SCARCE rts<=0.10 (8ds x 3rts x 3seed),collapse_aware_effective_count,scCAD,pancreas_baron,0.2689833333333333,6
SCARCE rts<=0.10 (8ds x 3rts x 3seed),collapse_aware_effective_count,scCAD,pancreas_integrated,0.3049,9
SCARCE rts<=0.10 (8ds x 3rts x 3seed),collapse_aware_effective_count,scCAD,tabula_lung_endo,0.12483333333333332,9
SCARCE rts<=0.10 (8ds x 3rts x 3seed),collapse_aware_effective_count,scCAD,tabula_sapiens_stomach,0.46449999999999997,3
SCARCE rts<=0.10 (8ds x 3rts x 3seed),collapse_aware_effective_count,scCAD,tabula_small_intestine,0.4565444444444445,9
SCARCE rts<=0.10 (8ds x 3rts x 3seed),nominal_budget,TOSICA,immune_dc,0.3992,9
SCARCE rts<=0.10 (8ds x 3rts x 3seed),nominal_budget,TOSICA,mouse_lung_tms_10x,0.14321111111111112,9
SCARCE rts<=0.10 (8ds x 3rts x 3seed),nominal_budget,TOSICA,mouse_pancreas_tms_10x,0.4651,9
SCARCE rts<=0.10 (8ds x 3rts x 3seed),nominal_budget,TOSICA,pancreas_baron,0.5855222222222222,9
SCARCE rts<=0.10 (8ds x 3rts x 3seed),nominal_budget,TOSICA,pancreas_integrated,0.15107777777777776,9
SCARCE rts<=0.10 (8ds x 3rts x 3seed),nominal_budget,TOSICA,tabula_lung_endo,0.07526666666666665,9
SCARCE rts<=0.10 (8ds x 3rts x 3seed),nominal_budget,TOSICA,tabula_sapiens_stomach,0.5262333333333333,9
SCARCE rts<=0.10 (8ds x 3rts x 3seed),nominal_budget,TOSICA,tabula_small_intestine,0.5847111111111112,9
SCARCE rts<=0.10 (8ds x 3rts x 3seed),collapse_aware_effective_count,TOSICA,immune_dc,0.3992,9
SCARCE rts<=0.10 (8ds x 3rts x 3seed),collapse_aware_effective_count,TOSICA,mouse_lung_tms_10x,0.14321111111111112,9
SCARCE rts<=0.10 (8ds x 3rts x 3seed),collapse_aware_effective_count,TOSICA,mouse_pancreas_tms_10x,0.4651,9
SCARCE rts<=0.10 (8ds x 3rts x 3seed),collapse_aware_effective_count,TOSICA,pancreas_baron,0.5949166666666666,6
SCARCE rts<=0.10 (8ds x 3rts x 3seed),collapse_aware_effective_count,TOSICA,pancreas_integrated,0.15107777777777776,9
SCARCE rts<=0.10 (8ds x 3rts x 3seed),collapse_aware_effective_count,TOSICA,tabula_lung_endo,0.07526666666666665,9
SCARCE rts<=0.10 (8ds x 3rts x 3seed),collapse_aware_effective_count,TOSICA,tabula_sapiens_stomach,0.5262333333333333,3
SCARCE rts<=0.10 (8ds x 3rts x 3seed),collapse_aware_effective_count,TOSICA,tabula_small_intestine,0.5847111111111112,9
