dataset,rare_class,seed,actual_training_labeled_rare_count,n_nominal_runs,n_distinct_identities,nominal_budgets,identity_hashes,count_collapse,identity_collapse,count_only_collision
immune_dc,ASDC,42,5,1,1,"[""0.01""]","[""fdcc17818646be6e4311520e9fa5dfc87502bf44c8941b3aa24e0884add06e3d""]",False,False,False
immune_dc,ASDC,42,13,1,1,"[""0.05""]","[""7c5ab9c1de968c2ebc873a0fe905d8299204e4f8653acd81debbe11670cfc7f1""]",False,False,False
immune_dc,ASDC,42,27,1,1,"[""0.10""]","[""dbca1156455e99557cf7c64be125b41ada48c464a3d6a0a96fa690300eb68e2e""]",False,False,False
immune_dc,ASDC,42,277,1,1,"[""all""]","[""e80ab3fb142a5476d4f21795b2a9d07dd2d9f42dddbab050601eb3ac3e815da6""]",False,False,False
immune_dc,ASDC,43,5,1,1,"[""0.01""]","[""89bb86ec80fde8890ddb49fec88b617c0c7eff2be8a03de4dec1fbd3599f92a4""]",False,False,False
immune_dc,ASDC,43,13,1,1,"[""0.05""]","[""99286d1163324ef4c652c166cbd756b54ed98b2ac1675fbbb9c9df3da6a59121""]",False,False,False
immune_dc,ASDC,43,27,1,1,"[""0.10""]","[""d9a0e097f7c7a57bbaa1a2639d9bf3a2523d363d0e170ae2706c727758961ff3""]",False,False,False
immune_dc,ASDC,43,277,1,1,"[""all""]","[""e80ab3fb142a5476d4f21795b2a9d07dd2d9f42dddbab050601eb3ac3e815da6""]",False,False,False
immune_dc,ASDC,44,5,1,1,"[""0.01""]","[""647f9aef0a16a5271aa68fdcbd87ef7114d0c633ae2c52d222672fc4f520422d""]",False,False,False
immune_dc,ASDC,44,13,1,1,"[""0.05""]","[""5696716a4814530c25c4e7de54eb50f38b53cf72240955cf3e95715176e90856""]",False,False,False
immune_dc,ASDC,44,27,1,1,"[""0.10""]","[""2a734a05ef09c7f459c2b73c0dddfad9f9c83400af4a5ffdc7a5a1f9d4a27630""]",False,False,False
immune_dc,ASDC,44,277,1,1,"[""all""]","[""e80ab3fb142a5476d4f21795b2a9d07dd2d9f42dddbab050601eb3ac3e815da6""]",False,False,False
pancreas_baron,gamma,42,5,2,1,"[""0.01"",""0.05""]","[""91c14127c42187d198761b2fe29cd7815caf706dfe582cc16f94eb9fc6dd09e4""]",True,True,False
pancreas_baron,gamma,42,10,1,1,"[""0.10""]","[""d86a1cee15778924f072107a50c3bc9a56438d7b40cc313f96966bcc5dbcc3fb""]",False,False,False
pancreas_baron,gamma,42,106,1,1,"[""all""]","[""8dfb4dd19ceaa1ab45feb7c70086bb21ac49cd50b303415151629660f7a9b3af""]",False,False,False
pancreas_baron,gamma,43,5,2,1,"[""0.01"",""0.05""]","[""7af4f6da1c598503afb8841d731c6337f3c7f6846b4ed2f06c452882530ce734""]",True,True,False
pancreas_baron,gamma,43,10,1,1,"[""0.10""]","[""62cf506b31a1c94f259fe893c5db61e271a3566a3da6e7df0bb5fcb1ba7242a8""]",False,False,False
pancreas_baron,gamma,43,106,1,1,"[""all""]","[""8dfb4dd19ceaa1ab45feb7c70086bb21ac49cd50b303415151629660f7a9b3af""]",False,False,False
pancreas_baron,gamma,44,5,2,1,"[""0.01"",""0.05""]","[""cd9e347cb4e0f600448824330abd92487002dfa9c2d43ad805faafe376d9a07e""]",True,True,False
pancreas_baron,gamma,44,10,1,1,"[""0.10""]","[""4babf0fc31ac32cb04880a738a3b9116672ee5a0f675dfd75af2d4fd3306595c""]",False,False,False
pancreas_baron,gamma,44,106,1,1,"[""all""]","[""8dfb4dd19ceaa1ab45feb7c70086bb21ac49cd50b303415151629660f7a9b3af""]",False,False,False
pancreas_integrated,endothelial,42,5,1,1,"[""0.01""]","[""03277edf821b344e8b2f0ef53c88affce67c77df8a090c9ac5294c31c4f18080""]",False,False,False
pancreas_integrated,endothelial,42,12,1,1,"[""0.05""]","[""c3df48297ac9ad0cff1f1b7e7d96ffc01c33f538d4e1b1bd3596760bf47850a4""]",False,False,False
pancreas_integrated,endothelial,42,24,1,1,"[""0.10""]","[""d1150c292e94762d2befd3c7c94696984ce7dc619fbf498dd3ae0c74b32a566b""]",False,False,False
pancreas_integrated,endothelial,42,243,1,1,"[""all""]","[""45a4996b89897c8894ebde5e1d7d238ccdccd5c9ab39f7f7d514dd495b1cc3b8""]",False,False,False
pancreas_integrated,endothelial,43,5,1,1,"[""0.01""]","[""9a03e5aff3d10f4f6336e98732ba34a9ace481ed3ad1159c938c4a1132b05be6""]",False,False,False
pancreas_integrated,endothelial,43,12,1,1,"[""0.05""]","[""8de3b551ba3e91401fb92abced14cee7f47afd3603fe84841be80fd3f4f340a6""]",False,False,False
pancreas_integrated,endothelial,43,24,1,1,"[""0.10""]","[""8623132c05cdb9f8444dc4147fa5f981585d45843359abe89382fcc9231b40b8""]",False,False,False
pancreas_integrated,endothelial,43,243,1,1,"[""all""]","[""45a4996b89897c8894ebde5e1d7d238ccdccd5c9ab39f7f7d514dd495b1cc3b8""]",False,False,False
pancreas_integrated,endothelial,44,5,1,1,"[""0.01""]","[""5a096829621975cb4e5f80d445af601df0463bdc488c46ef3fe7c9e15d792b4a""]",False,False,False
pancreas_integrated,endothelial,44,12,1,1,"[""0.05""]","[""00d3e6540e6ea3aa0be396c712ffab70e5b346b80054bf1151a23669a0d6609b""]",False,False,False
pancreas_integrated,endothelial,44,24,1,1,"[""0.10""]","[""9749e0aede85c354c2c1910e60f2ca93cd579894f18cecc5bcb9af574f15a62c""]",False,False,False
pancreas_integrated,endothelial,44,243,1,1,"[""all""]","[""45a4996b89897c8894ebde5e1d7d238ccdccd5c9ab39f7f7d514dd495b1cc3b8""]",False,False,False
tabula_lung_endo,endothelial cell of lymphatic vessel,42,5,1,1,"[""0.01""]","[""87ea0921df73a49a8754e5e8e2dbde0834cf146418192ede2c5d950e8bd65c55""]",False,False,False
tabula_lung_endo,endothelial cell of lymphatic vessel,42,10,1,1,"[""0.05""]","[""dcd1961ab19527e4de74453b2c9bed36ce38cba107d5be40500d44ebf31874d4""]",False,False,False
tabula_lung_endo,endothelial cell of lymphatic vessel,42,20,1,1,"[""0.10""]","[""6cc7ceded812b125937e6c43d4c69071f47c5882aed10420273a0bb42f94be89""]",False,False,False
tabula_lung_endo,endothelial cell of lymphatic vessel,42,208,1,1,"[""all""]","[""786544698553a7ca24d9c7e4437507154a7b522fde8ec7c87ddacf4bbab437a4""]",False,False,False
tabula_lung_endo,endothelial cell of lymphatic vessel,43,5,1,1,"[""0.01""]","[""072bd4a6a89e4b92a0d461928e295963507e42a006f785679b531c97a6c941e6""]",False,False,False
tabula_lung_endo,endothelial cell of lymphatic vessel,43,10,1,1,"[""0.05""]","[""1d825d7683a8696384824afb7b44f380ab77087e8afbfd0102d8a030e496ee6e""]",False,False,False
tabula_lung_endo,endothelial cell of lymphatic vessel,43,20,1,1,"[""0.10""]","[""799b09efffb22dee371856935f53bbe7a3aaafcaa53583e990b980153e318342""]",False,False,False
tabula_lung_endo,endothelial cell of lymphatic vessel,43,208,1,1,"[""all""]","[""786544698553a7ca24d9c7e4437507154a7b522fde8ec7c87ddacf4bbab437a4""]",False,False,False
tabula_lung_endo,endothelial cell of lymphatic vessel,44,5,1,1,"[""0.01""]","[""cbb53806c0bd3e1eb7af22f190ff2045b8878207ecfeabfd2eefda4a59fb3e67""]",False,False,False
tabula_lung_endo,endothelial cell of lymphatic vessel,44,10,1,1,"[""0.05""]","[""465df10204080fde5624f28b9ca87ffbeabbd3a474fb6a7e05798575acaf9948""]",False,False,False
tabula_lung_endo,endothelial cell of lymphatic vessel,44,20,1,1,"[""0.10""]","[""35d32d87bc9e2e6123dd3a53da509930e546b40a79edb27bfbe3f7bc03d9e605""]",False,False,False
tabula_lung_endo,endothelial cell of lymphatic vessel,44,208,1,1,"[""all""]","[""786544698553a7ca24d9c7e4437507154a7b522fde8ec7c87ddacf4bbab437a4""]",False,False,False
tabula_sapiens_stomach,mast cell,42,5,3,1,"[""0.01"",""0.05"",""0.10""]","[""5c94000b0a848b99217042b2213877e7e3d11964bac6caf75c01005fef107370""]",True,True,False
tabula_sapiens_stomach,mast cell,42,52,1,1,"[""all""]","[""99b7a4321e1beb35d85a09e84f7eb37df196622256d563a021bdf06df9320b69""]",False,False,False
tabula_sapiens_stomach,mast cell,43,5,3,1,"[""0.01"",""0.05"",""0.10""]","[""05a0f7cde60e8c18f735bab9b14f01237bb3ae6aef492d795fc4d7b3c63455a2""]",True,True,False
tabula_sapiens_stomach,mast cell,43,52,1,1,"[""all""]","[""99b7a4321e1beb35d85a09e84f7eb37df196622256d563a021bdf06df9320b69""]",False,False,False
tabula_sapiens_stomach,mast cell,44,5,3,1,"[""0.01"",""0.05"",""0.10""]","[""fd67f4298f788f7c73becd9d49b00f3bf7acc898a423c4a79ea1a499f69710ff""]",True,True,False
tabula_sapiens_stomach,mast cell,44,52,1,1,"[""all""]","[""99b7a4321e1beb35d85a09e84f7eb37df196622256d563a021bdf06df9320b69""]",False,False,False
tabula_small_intestine,intestinal tuft cell,42,5,1,1,"[""0.01""]","[""04a107a54de440a767fb6f8f9a51ad9e164877cc8cc9d6970ee4ee6aa7f57d8b""]",False,False,False
tabula_small_intestine,intestinal tuft cell,42,15,1,1,"[""0.05""]","[""3687916af7de1cf1bb996386bf75583df6302845f1681160f159814e8cf0fb3d""]",False,False,False
tabula_small_intestine,intestinal tuft cell,42,31,1,1,"[""0.10""]","[""95d7b979a6032608be9aba9d69148d0b6b028fafbefb50692d93cc3fc3920275""]",False,False,False
tabula_small_intestine,intestinal tuft cell,42,315,1,1,"[""all""]","[""e35086053f34698e5f45edaa5a36ae29b8f05250f490525da0e61709402b932d""]",False,False,False
tabula_small_intestine,intestinal tuft cell,43,5,1,1,"[""0.01""]","[""a2e3ef57a0b5cd0b2eac7fe921a1b79920a8b5e2f131b51bb2d212c84a019259""]",False,False,False
tabula_small_intestine,intestinal tuft cell,43,15,1,1,"[""0.05""]","[""4803d585e17a8db7581a70be0893f5b619f87d551a1f62f123f35b97a88a7bc0""]",False,False,False
tabula_small_intestine,intestinal tuft cell,43,31,1,1,"[""0.10""]","[""32b7bce48894b0eaa20d81a7e5ebab9e7b81a2d2fda886da9a57db9b4f3bd41a""]",False,False,False
tabula_small_intestine,intestinal tuft cell,43,315,1,1,"[""all""]","[""e35086053f34698e5f45edaa5a36ae29b8f05250f490525da0e61709402b932d""]",False,False,False
tabula_small_intestine,intestinal tuft cell,44,5,1,1,"[""0.01""]","[""680879a442026807e9fc1c5298f2c31408480f6731d283a5c54607ab3493d138""]",False,False,False
tabula_small_intestine,intestinal tuft cell,44,15,1,1,"[""0.05""]","[""6ccc61baacd53d698fc905cde17c7fb877cc07fa5f5c3ae223a732b4a16a64bf""]",False,False,False
tabula_small_intestine,intestinal tuft cell,44,31,1,1,"[""0.10""]","[""5e0d7c91f4b05efc50d7a52930252df3bd60bff6559299488a451776a90c2c92""]",False,False,False
tabula_small_intestine,intestinal tuft cell,44,315,1,1,"[""all""]","[""e35086053f34698e5f45edaa5a36ae29b8f05250f490525da0e61709402b932d""]",False,False,False
mouse_lung_tms_10x,vein endothelial cell,42,5,1,1,"[""0.01""]","[""b3af521e13912c84eeafd8441325bce2fac130b7de11316cc5ff19b9c0b61312""]",False,False,False
mouse_lung_tms_10x,vein endothelial cell,42,10,1,1,"[""0.05""]","[""5fc7f66fe892c904aac29544dfe4fb7055171c53195ffbf3c1fcf8b191fd8eaf""]",False,False,False
mouse_lung_tms_10x,vein endothelial cell,42,21,1,1,"[""0.10""]","[""c7bb134b104f6e9562d93c5df926dbc69d9fcbf75e7db3fafc9af79d9d7ff1af""]",False,False,False
mouse_lung_tms_10x,vein endothelial cell,42,213,1,1,"[""all""]","[""f3324ef55aa3a35550ee501cef19372bfee12b4509bb7c11aa9f1a5df94c9da4""]",False,False,False
mouse_lung_tms_10x,vein endothelial cell,43,5,1,1,"[""0.01""]","[""5ca25d2e9c488b74c18e4979f7005ca0541ed8e4db4ba47582cdd7647177de6b""]",False,False,False
mouse_lung_tms_10x,vein endothelial cell,43,10,1,1,"[""0.05""]","[""5a4b43e0f204ccce3c15b7b25d9a442a0681b1c0136da6683f503ae6c5594bd0""]",False,False,False
mouse_lung_tms_10x,vein endothelial cell,43,21,1,1,"[""0.10""]","[""212ceb23dcb2209d5fd6e70a4a76819b7ff6893d15e84a26f66a977883a615cb""]",False,False,False
mouse_lung_tms_10x,vein endothelial cell,43,213,1,1,"[""all""]","[""f3324ef55aa3a35550ee501cef19372bfee12b4509bb7c11aa9f1a5df94c9da4""]",False,False,False
mouse_lung_tms_10x,vein endothelial cell,44,5,1,1,"[""0.01""]","[""463b0d6d1a90ae9602a4ac6c04d253db2a92bd787404fb45831c91aa703655e3""]",False,False,False
mouse_lung_tms_10x,vein endothelial cell,44,10,1,1,"[""0.05""]","[""9fd90210711d434675440f488f402117f5581e81063b8d2d9a0005874b647a02""]",False,False,False
mouse_lung_tms_10x,vein endothelial cell,44,21,1,1,"[""0.10""]","[""b5de6c4a6b7a796203d81ee2b88a2e0cc4b4f0b9c2062ccf7c945f1d4e6913eb""]",False,False,False
mouse_lung_tms_10x,vein endothelial cell,44,213,1,1,"[""all""]","[""f3324ef55aa3a35550ee501cef19372bfee12b4509bb7c11aa9f1a5df94c9da4""]",False,False,False
mouse_pancreas_tms_10x,pancreatic D cell,42,5,1,1,"[""0.01""]","[""be6aec7ff639ff73bdf5413e4fbd6d1534e5f2c491a3cb3d65976176b5cdb570""]",False,False,False
mouse_pancreas_tms_10x,pancreatic D cell,42,8,1,1,"[""0.05""]","[""bbbec7c6d0177f389b045dd715d8433692d421b0b88e233bbc32464e3b784aed""]",False,False,False
mouse_pancreas_tms_10x,pancreatic D cell,42,17,1,1,"[""0.10""]","[""e74bc08ab2e53fd5a8cbc909636e0cd6a5ba5fe294e7e3414d08bfdd6b4f077a""]",False,False,False
mouse_pancreas_tms_10x,pancreatic D cell,42,174,1,1,"[""all""]","[""8b20b81b901a4d91e9f3d77dff05562c430d05b695b379aedbfd27999959fe0c""]",False,False,False
mouse_pancreas_tms_10x,pancreatic D cell,43,5,1,1,"[""0.01""]","[""5df8f7d057bcbf31d246b2c427e5d339b76c9003097e3275cc6bfe04d46781f1""]",False,False,False
mouse_pancreas_tms_10x,pancreatic D cell,43,8,1,1,"[""0.05""]","[""95679432a5bff1e76d60faed7017041b619e279f857d68a205356284d685eebf""]",False,False,False
mouse_pancreas_tms_10x,pancreatic D cell,43,17,1,1,"[""0.10""]","[""3a237894e6f21599ddea3fb9a0a11b5f4b5ae12224dd1ff4d572d9d50256a344""]",False,False,False
mouse_pancreas_tms_10x,pancreatic D cell,43,174,1,1,"[""all""]","[""8b20b81b901a4d91e9f3d77dff05562c430d05b695b379aedbfd27999959fe0c""]",False,False,False
mouse_pancreas_tms_10x,pancreatic D cell,44,5,1,1,"[""0.01""]","[""9b15207fbaeeddd62642c3690cea35eb113a5129d818a3409b6ca0af3bfbfbc0""]",False,False,False
mouse_pancreas_tms_10x,pancreatic D cell,44,8,1,1,"[""0.05""]","[""6c3befb76a63a359893ae3cbab29c4a843d77a945fb71256dfc39dd9819b23ea""]",False,False,False
mouse_pancreas_tms_10x,pancreatic D cell,44,17,1,1,"[""0.10""]","[""20f856aaee7005c8eff84059b675103e6d495cf5dd83fbb9cd434aab50dc0575""]",False,False,False
mouse_pancreas_tms_10x,pancreatic D cell,44,174,1,1,"[""all""]","[""8b20b81b901a4d91e9f3d77dff05562c430d05b695b379aedbfd27999959fe0c""]",False,False,False
