dataset,rare_class,seed,split_hash,actual_training_labeled_rare_count,labeled_rare_id_sha256,n_folded_nominal_budgets,folded_nominal_budgets,source_run_dirs,all_training_cells,total_labeled_training_cells,train_rare_pool,validation_rare,test_rare,all_split_rare,total_rare_supervision,training_rare_label_fraction,training_rare_share_of_all_split_rare,total_supervised_rare_share_of_all_split_rare,training_rare_label_share_of_training_cells
immune_dc,ASDC,42,33b8ce5bdff2e437,5,fdcc17818646be6e4311520e9fa5dfc87502bf44c8941b3aa24e0884add06e3d,1,"[""0.01""]","[""outputs\\immune_dc\\batch_heldout_seed42_asdc_rare1pct""]",11291,11019,277,115,130,522,120,0.018050541516245487,0.009578544061302681,0.22988505747126436,0.00044283057302276147
immune_dc,ASDC,42,33b8ce5bdff2e437,13,7c5ab9c1de968c2ebc873a0fe905d8299204e4f8653acd81debbe11670cfc7f1,1,"[""0.05""]","[""outputs\\immune_dc\\batch_heldout_seed42_asdc_rare5pct""]",11291,11027,277,115,130,522,128,0.04693140794223827,0.02490421455938697,0.24521072796934865,0.00115135948985918
immune_dc,ASDC,42,33b8ce5bdff2e437,27,dbca1156455e99557cf7c64be125b41ada48c464a3d6a0a96fa690300eb68e2e,1,"[""0.10""]","[""outputs\\immune_dc\\batch_heldout_seed42_asdc_rare10pct""]",11291,11041,277,115,130,522,142,0.09747292418772563,0.05172413793103448,0.2720306513409962,0.0023912850943229123
immune_dc,ASDC,42,33b8ce5bdff2e437,277,e80ab3fb142a5476d4f21795b2a9d07dd2d9f42dddbab050601eb3ac3e815da6,1,"[""all""]","[""outputs\\immune_dc\\batch_heldout_seed42_asdc_rareall""]",11291,11291,277,115,130,522,392,1.0,0.5306513409961686,0.7509578544061303,0.024532813745460985
immune_dc,ASDC,43,33b8ce5bdff2e437,5,89bb86ec80fde8890ddb49fec88b617c0c7eff2be8a03de4dec1fbd3599f92a4,1,"[""0.01""]","[""outputs\\immune_dc\\batch_heldout_seed43_asdc_rare1pct""]",11291,11019,277,115,130,522,120,0.018050541516245487,0.009578544061302681,0.22988505747126436,0.00044283057302276147
immune_dc,ASDC,43,33b8ce5bdff2e437,13,99286d1163324ef4c652c166cbd756b54ed98b2ac1675fbbb9c9df3da6a59121,1,"[""0.05""]","[""outputs\\immune_dc\\batch_heldout_seed43_asdc_rare5pct""]",11291,11027,277,115,130,522,128,0.04693140794223827,0.02490421455938697,0.24521072796934865,0.00115135948985918
immune_dc,ASDC,43,33b8ce5bdff2e437,27,d9a0e097f7c7a57bbaa1a2639d9bf3a2523d363d0e170ae2706c727758961ff3,1,"[""0.10""]","[""outputs\\immune_dc\\batch_heldout_seed43_asdc_rare10pct""]",11291,11041,277,115,130,522,142,0.09747292418772563,0.05172413793103448,0.2720306513409962,0.0023912850943229123
immune_dc,ASDC,43,33b8ce5bdff2e437,277,e80ab3fb142a5476d4f21795b2a9d07dd2d9f42dddbab050601eb3ac3e815da6,1,"[""all""]","[""outputs\\immune_dc\\batch_heldout_seed43_asdc_rareall""]",11291,11291,277,115,130,522,392,1.0,0.5306513409961686,0.7509578544061303,0.024532813745460985
immune_dc,ASDC,44,33b8ce5bdff2e437,5,647f9aef0a16a5271aa68fdcbd87ef7114d0c633ae2c52d222672fc4f520422d,1,"[""0.01""]","[""outputs\\immune_dc\\batch_heldout_seed44_asdc_rare1pct""]",11291,11019,277,115,130,522,120,0.018050541516245487,0.009578544061302681,0.22988505747126436,0.00044283057302276147
immune_dc,ASDC,44,33b8ce5bdff2e437,13,5696716a4814530c25c4e7de54eb50f38b53cf72240955cf3e95715176e90856,1,"[""0.05""]","[""outputs\\immune_dc\\batch_heldout_seed44_asdc_rare5pct""]",11291,11027,277,115,130,522,128,0.04693140794223827,0.02490421455938697,0.24521072796934865,0.00115135948985918
immune_dc,ASDC,44,33b8ce5bdff2e437,27,2a734a05ef09c7f459c2b73c0dddfad9f9c83400af4a5ffdc7a5a1f9d4a27630,1,"[""0.10""]","[""outputs\\immune_dc\\batch_heldout_seed44_asdc_rare10pct""]",11291,11041,277,115,130,522,142,0.09747292418772563,0.05172413793103448,0.2720306513409962,0.0023912850943229123
immune_dc,ASDC,44,33b8ce5bdff2e437,277,e80ab3fb142a5476d4f21795b2a9d07dd2d9f42dddbab050601eb3ac3e815da6,1,"[""all""]","[""outputs\\immune_dc\\batch_heldout_seed44_asdc_rareall""]",11291,11291,277,115,130,522,392,1.0,0.5306513409961686,0.7509578544061303,0.024532813745460985
pancreas_baron,gamma,42,507baa4fe66b76ae,5,91c14127c42187d198761b2fe29cd7815caf706dfe582cc16f94eb9fc6dd09e4,2,"[""0.01"",""0.05""]","[""outputs\\pancreas_baron\\batch_heldout_seed42_gamma_rare1pct"",""outputs\\pancreas_baron\\batch_heldout_seed42_gamma_rare5pct""]",5542,5441,106,63,86,255,68,0.04716981132075472,0.0196078431372549,0.26666666666666666,0.0009022013713460845
pancreas_baron,gamma,42,507baa4fe66b76ae,10,d86a1cee15778924f072107a50c3bc9a56438d7b40cc313f96966bcc5dbcc3fb,1,"[""0.10""]","[""outputs\\pancreas_baron\\batch_heldout_seed42_gamma_rare10pct""]",5542,5446,106,63,86,255,73,0.09433962264150944,0.0392156862745098,0.28627450980392155,0.001804402742692169
pancreas_baron,gamma,42,507baa4fe66b76ae,106,8dfb4dd19ceaa1ab45feb7c70086bb21ac49cd50b303415151629660f7a9b3af,1,"[""all""]","[""outputs\\pancreas_baron\\batch_heldout_seed42_gamma_rareall""]",5542,5542,106,63,86,255,169,1.0,0.41568627450980394,0.6627450980392157,0.01912666907253699
pancreas_baron,gamma,43,507baa4fe66b76ae,5,7af4f6da1c598503afb8841d731c6337f3c7f6846b4ed2f06c452882530ce734,2,"[""0.01"",""0.05""]","[""outputs\\pancreas_baron\\batch_heldout_seed43_gamma_rare1pct"",""outputs\\pancreas_baron\\batch_heldout_seed43_gamma_rare5pct""]",5542,5441,106,63,86,255,68,0.04716981132075472,0.0196078431372549,0.26666666666666666,0.0009022013713460845
pancreas_baron,gamma,43,507baa4fe66b76ae,10,62cf506b31a1c94f259fe893c5db61e271a3566a3da6e7df0bb5fcb1ba7242a8,1,"[""0.10""]","[""outputs\\pancreas_baron\\batch_heldout_seed43_gamma_rare10pct""]",5542,5446,106,63,86,255,73,0.09433962264150944,0.0392156862745098,0.28627450980392155,0.001804402742692169
pancreas_baron,gamma,43,507baa4fe66b76ae,106,8dfb4dd19ceaa1ab45feb7c70086bb21ac49cd50b303415151629660f7a9b3af,1,"[""all""]","[""outputs\\pancreas_baron\\batch_heldout_seed43_gamma_rareall""]",5542,5542,106,63,86,255,169,1.0,0.41568627450980394,0.6627450980392157,0.01912666907253699
pancreas_baron,gamma,44,507baa4fe66b76ae,5,cd9e347cb4e0f600448824330abd92487002dfa9c2d43ad805faafe376d9a07e,2,"[""0.01"",""0.05""]","[""outputs\\pancreas_baron\\batch_heldout_seed44_gamma_rare1pct"",""outputs\\pancreas_baron\\batch_heldout_seed44_gamma_rare5pct""]",5542,5441,106,63,86,255,68,0.04716981132075472,0.0196078431372549,0.26666666666666666,0.0009022013713460845
pancreas_baron,gamma,44,507baa4fe66b76ae,10,4babf0fc31ac32cb04880a738a3b9116672ee5a0f675dfd75af2d4fd3306595c,1,"[""0.10""]","[""outputs\\pancreas_baron\\batch_heldout_seed44_gamma_rare10pct""]",5542,5446,106,63,86,255,73,0.09433962264150944,0.0392156862745098,0.28627450980392155,0.001804402742692169
pancreas_baron,gamma,44,507baa4fe66b76ae,106,8dfb4dd19ceaa1ab45feb7c70086bb21ac49cd50b303415151629660f7a9b3af,1,"[""all""]","[""outputs\\pancreas_baron\\batch_heldout_seed44_gamma_rareall""]",5542,5542,106,63,86,255,169,1.0,0.41568627450980394,0.6627450980392157,0.01912666907253699
pancreas_integrated,endothelial,42,2373a4f6ec6225a2,5,03277edf821b344e8b2f0ef53c88affce67c77df8a090c9ac5294c31c4f18080,1,"[""0.01""]","[""outputs\\pancreas_integrated\\batch_heldout_seed42_endothelial_rare1pct""]",7936,7698,243,7,23,273,12,0.0205761316872428,0.018315018315018316,0.04395604395604396,0.0006300403225806451
pancreas_integrated,endothelial,42,2373a4f6ec6225a2,12,c3df48297ac9ad0cff1f1b7e7d96ffc01c33f538d4e1b1bd3596760bf47850a4,1,"[""0.05""]","[""outputs\\pancreas_integrated\\batch_heldout_seed42_endothelial_rare5pct""]",7936,7705,243,7,23,273,19,0.04938271604938271,0.04395604395604396,0.0695970695970696,0.0015120967741935483
pancreas_integrated,endothelial,42,2373a4f6ec6225a2,24,d1150c292e94762d2befd3c7c94696984ce7dc619fbf498dd3ae0c74b32a566b,1,"[""0.10""]","[""outputs\\pancreas_integrated\\batch_heldout_seed42_endothelial_rare10pct""]",7936,7717,243,7,23,273,31,0.09876543209876543,0.08791208791208792,0.11355311355311355,0.0030241935483870967
pancreas_integrated,endothelial,42,2373a4f6ec6225a2,243,45a4996b89897c8894ebde5e1d7d238ccdccd5c9ab39f7f7d514dd495b1cc3b8,1,"[""all""]","[""outputs\\pancreas_integrated\\batch_heldout_seed42_endothelial_rareall""]",7936,7936,243,7,23,273,250,1.0,0.8901098901098901,0.9157509157509157,0.030619959677419355
pancreas_integrated,endothelial,43,2373a4f6ec6225a2,5,9a03e5aff3d10f4f6336e98732ba34a9ace481ed3ad1159c938c4a1132b05be6,1,"[""0.01""]","[""outputs\\pancreas_integrated\\batch_heldout_seed43_endothelial_rare1pct""]",7936,7698,243,7,23,273,12,0.0205761316872428,0.018315018315018316,0.04395604395604396,0.0006300403225806451
pancreas_integrated,endothelial,43,2373a4f6ec6225a2,12,8de3b551ba3e91401fb92abced14cee7f47afd3603fe84841be80fd3f4f340a6,1,"[""0.05""]","[""outputs\\pancreas_integrated\\batch_heldout_seed43_endothelial_rare5pct""]",7936,7705,243,7,23,273,19,0.04938271604938271,0.04395604395604396,0.0695970695970696,0.0015120967741935483
pancreas_integrated,endothelial,43,2373a4f6ec6225a2,24,8623132c05cdb9f8444dc4147fa5f981585d45843359abe89382fcc9231b40b8,1,"[""0.10""]","[""outputs\\pancreas_integrated\\batch_heldout_seed43_endothelial_rare10pct""]",7936,7717,243,7,23,273,31,0.09876543209876543,0.08791208791208792,0.11355311355311355,0.0030241935483870967
pancreas_integrated,endothelial,43,2373a4f6ec6225a2,243,45a4996b89897c8894ebde5e1d7d238ccdccd5c9ab39f7f7d514dd495b1cc3b8,1,"[""all""]","[""outputs\\pancreas_integrated\\batch_heldout_seed43_endothelial_rareall""]",7936,7936,243,7,23,273,250,1.0,0.8901098901098901,0.9157509157509157,0.030619959677419355
pancreas_integrated,endothelial,44,2373a4f6ec6225a2,5,5a096829621975cb4e5f80d445af601df0463bdc488c46ef3fe7c9e15d792b4a,1,"[""0.01""]","[""outputs\\pancreas_integrated\\batch_heldout_seed44_endothelial_rare1pct""]",7936,7698,243,7,23,273,12,0.0205761316872428,0.018315018315018316,0.04395604395604396,0.0006300403225806451
pancreas_integrated,endothelial,44,2373a4f6ec6225a2,12,00d3e6540e6ea3aa0be396c712ffab70e5b346b80054bf1151a23669a0d6609b,1,"[""0.05""]","[""outputs\\pancreas_integrated\\batch_heldout_seed44_endothelial_rare5pct""]",7936,7705,243,7,23,273,19,0.04938271604938271,0.04395604395604396,0.0695970695970696,0.0015120967741935483
pancreas_integrated,endothelial,44,2373a4f6ec6225a2,24,9749e0aede85c354c2c1910e60f2ca93cd579894f18cecc5bcb9af574f15a62c,1,"[""0.10""]","[""outputs\\pancreas_integrated\\batch_heldout_seed44_endothelial_rare10pct""]",7936,7717,243,7,23,273,31,0.09876543209876543,0.08791208791208792,0.11355311355311355,0.0030241935483870967
pancreas_integrated,endothelial,44,2373a4f6ec6225a2,243,45a4996b89897c8894ebde5e1d7d238ccdccd5c9ab39f7f7d514dd495b1cc3b8,1,"[""all""]","[""outputs\\pancreas_integrated\\batch_heldout_seed44_endothelial_rareall""]",7936,7936,243,7,23,273,250,1.0,0.8901098901098901,0.9157509157509157,0.030619959677419355
tabula_lung_endo,endothelial cell of lymphatic vessel,42,da9ffbdf489ba7b0,5,87ea0921df73a49a8754e5e8e2dbde0834cf146418192ede2c5d950e8bd65c55,1,"[""0.01""]","[""outputs\\tabula_lung_endo\\batch_heldout_seed42_endothelial_cell_of_lymphatic_vessel_rare1pct""]",7464,7261,208,34,65,307,39,0.02403846153846154,0.016286644951140065,0.1270358306188925,0.0006698821007502679
tabula_lung_endo,endothelial cell of lymphatic vessel,42,da9ffbdf489ba7b0,10,dcd1961ab19527e4de74453b2c9bed36ce38cba107d5be40500d44ebf31874d4,1,"[""0.05""]","[""outputs\\tabula_lung_endo\\batch_heldout_seed42_endothelial_cell_of_lymphatic_vessel_rare5pct""]",7464,7266,208,34,65,307,44,0.04807692307692308,0.03257328990228013,0.14332247557003258,0.0013397642015005359
tabula_lung_endo,endothelial cell of lymphatic vessel,42,da9ffbdf489ba7b0,20,6cc7ceded812b125937e6c43d4c69071f47c5882aed10420273a0bb42f94be89,1,"[""0.10""]","[""outputs\\tabula_lung_endo\\batch_heldout_seed42_endothelial_cell_of_lymphatic_vessel_rare10pct""]",7464,7276,208,34,65,307,54,0.09615384615384616,0.06514657980456026,0.1758957654723127,0.0026795284030010718
tabula_lung_endo,endothelial cell of lymphatic vessel,42,da9ffbdf489ba7b0,208,786544698553a7ca24d9c7e4437507154a7b522fde8ec7c87ddacf4bbab437a4,1,"[""all""]","[""outputs\\tabula_lung_endo\\batch_heldout_seed42_endothelial_cell_of_lymphatic_vessel_rareall""]",7464,7464,208,34,65,307,242,1.0,0.6775244299674267,0.7882736156351792,0.027867095391211148
tabula_lung_endo,endothelial cell of lymphatic vessel,43,da9ffbdf489ba7b0,5,072bd4a6a89e4b92a0d461928e295963507e42a006f785679b531c97a6c941e6,1,"[""0.01""]","[""outputs\\tabula_lung_endo\\batch_heldout_seed43_endothelial_cell_of_lymphatic_vessel_rare1pct""]",7464,7261,208,34,65,307,39,0.02403846153846154,0.016286644951140065,0.1270358306188925,0.0006698821007502679
tabula_lung_endo,endothelial cell of lymphatic vessel,43,da9ffbdf489ba7b0,10,1d825d7683a8696384824afb7b44f380ab77087e8afbfd0102d8a030e496ee6e,1,"[""0.05""]","[""outputs\\tabula_lung_endo\\batch_heldout_seed43_endothelial_cell_of_lymphatic_vessel_rare5pct""]",7464,7266,208,34,65,307,44,0.04807692307692308,0.03257328990228013,0.14332247557003258,0.0013397642015005359
tabula_lung_endo,endothelial cell of lymphatic vessel,43,da9ffbdf489ba7b0,20,799b09efffb22dee371856935f53bbe7a3aaafcaa53583e990b980153e318342,1,"[""0.10""]","[""outputs\\tabula_lung_endo\\batch_heldout_seed43_endothelial_cell_of_lymphatic_vessel_rare10pct""]",7464,7276,208,34,65,307,54,0.09615384615384616,0.06514657980456026,0.1758957654723127,0.0026795284030010718
tabula_lung_endo,endothelial cell of lymphatic vessel,43,da9ffbdf489ba7b0,208,786544698553a7ca24d9c7e4437507154a7b522fde8ec7c87ddacf4bbab437a4,1,"[""all""]","[""outputs\\tabula_lung_endo\\batch_heldout_seed43_endothelial_cell_of_lymphatic_vessel_rareall""]",7464,7464,208,34,65,307,242,1.0,0.6775244299674267,0.7882736156351792,0.027867095391211148
tabula_lung_endo,endothelial cell of lymphatic vessel,44,da9ffbdf489ba7b0,5,cbb53806c0bd3e1eb7af22f190ff2045b8878207ecfeabfd2eefda4a59fb3e67,1,"[""0.01""]","[""outputs\\tabula_lung_endo\\batch_heldout_seed44_endothelial_cell_of_lymphatic_vessel_rare1pct""]",7464,7261,208,34,65,307,39,0.02403846153846154,0.016286644951140065,0.1270358306188925,0.0006698821007502679
tabula_lung_endo,endothelial cell of lymphatic vessel,44,da9ffbdf489ba7b0,10,465df10204080fde5624f28b9ca87ffbeabbd3a474fb6a7e05798575acaf9948,1,"[""0.05""]","[""outputs\\tabula_lung_endo\\batch_heldout_seed44_endothelial_cell_of_lymphatic_vessel_rare5pct""]",7464,7266,208,34,65,307,44,0.04807692307692308,0.03257328990228013,0.14332247557003258,0.0013397642015005359
tabula_lung_endo,endothelial cell of lymphatic vessel,44,da9ffbdf489ba7b0,20,35d32d87bc9e2e6123dd3a53da509930e546b40a79edb27bfbe3f7bc03d9e605,1,"[""0.10""]","[""outputs\\tabula_lung_endo\\batch_heldout_seed44_endothelial_cell_of_lymphatic_vessel_rare10pct""]",7464,7276,208,34,65,307,54,0.09615384615384616,0.06514657980456026,0.1758957654723127,0.0026795284030010718
tabula_lung_endo,endothelial cell of lymphatic vessel,44,da9ffbdf489ba7b0,208,786544698553a7ca24d9c7e4437507154a7b522fde8ec7c87ddacf4bbab437a4,1,"[""all""]","[""outputs\\tabula_lung_endo\\batch_heldout_seed44_endothelial_cell_of_lymphatic_vessel_rareall""]",7464,7464,208,34,65,307,242,1.0,0.6775244299674267,0.7882736156351792,0.027867095391211148
tabula_sapiens_stomach,mast cell,42,d796289a5b941ac3,5,5c94000b0a848b99217042b2213877e7e3d11964bac6caf75c01005fef107370,3,"[""0.01"",""0.05"",""0.10""]","[""outputs\\tabula_sapiens_stomach\\batch_heldout_seed42_mast_cell_rare1pct"",""outputs\\tabula_sapiens_stomach\\batch_heldout_seed42_mast_cell_rare5pct"",""outputs\\tabula_sapiens_stomach\\batch_heldout_seed42_mast_cell_rare10pct""]",14277,14230,52,884,32,968,889,0.09615384615384616,0.005165289256198347,0.9183884297520661,0.00035021363031449183
tabula_sapiens_stomach,mast cell,42,d796289a5b941ac3,52,99b7a4321e1beb35d85a09e84f7eb37df196622256d563a021bdf06df9320b69,1,"[""all""]","[""outputs\\tabula_sapiens_stomach\\batch_heldout_seed42_mast_cell_rareall""]",14277,14277,52,884,32,968,936,1.0,0.05371900826446281,0.9669421487603306,0.003642221755270715
tabula_sapiens_stomach,mast cell,43,d796289a5b941ac3,5,05a0f7cde60e8c18f735bab9b14f01237bb3ae6aef492d795fc4d7b3c63455a2,3,"[""0.01"",""0.05"",""0.10""]","[""outputs\\tabula_sapiens_stomach\\batch_heldout_seed43_mast_cell_rare1pct"",""outputs\\tabula_sapiens_stomach\\batch_heldout_seed43_mast_cell_rare5pct"",""outputs\\tabula_sapiens_stomach\\batch_heldout_seed43_mast_cell_rare10pct""]",14277,14230,52,884,32,968,889,0.09615384615384616,0.005165289256198347,0.9183884297520661,0.00035021363031449183
tabula_sapiens_stomach,mast cell,43,d796289a5b941ac3,52,99b7a4321e1beb35d85a09e84f7eb37df196622256d563a021bdf06df9320b69,1,"[""all""]","[""outputs\\tabula_sapiens_stomach\\batch_heldout_seed43_mast_cell_rareall""]",14277,14277,52,884,32,968,936,1.0,0.05371900826446281,0.9669421487603306,0.003642221755270715
tabula_sapiens_stomach,mast cell,44,d796289a5b941ac3,5,fd67f4298f788f7c73becd9d49b00f3bf7acc898a423c4a79ea1a499f69710ff,3,"[""0.01"",""0.05"",""0.10""]","[""outputs\\tabula_sapiens_stomach\\batch_heldout_seed44_mast_cell_rare1pct"",""outputs\\tabula_sapiens_stomach\\batch_heldout_seed44_mast_cell_rare5pct"",""outputs\\tabula_sapiens_stomach\\batch_heldout_seed44_mast_cell_rare10pct""]",14277,14230,52,884,32,968,889,0.09615384615384616,0.005165289256198347,0.9183884297520661,0.00035021363031449183
tabula_sapiens_stomach,mast cell,44,d796289a5b941ac3,52,99b7a4321e1beb35d85a09e84f7eb37df196622256d563a021bdf06df9320b69,1,"[""all""]","[""outputs\\tabula_sapiens_stomach\\batch_heldout_seed44_mast_cell_rareall""]",14277,14277,52,884,32,968,936,1.0,0.05371900826446281,0.9669421487603306,0.003642221755270715
tabula_small_intestine,intestinal tuft cell,42,2d3d2e6d369f4cb5,5,04a107a54de440a767fb6f8f9a51ad9e164877cc8cc9d6970ee4ee6aa7f57d8b,1,"[""0.01""]","[""outputs\\tabula_small_intestine\\batch_heldout_seed42_intestinal_tuft_cell_rare1pct""]",24282,23972,315,55,65,435,60,0.015873015873015872,0.011494252873563218,0.13793103448275862,0.0002059138456469813
tabula_small_intestine,intestinal tuft cell,42,2d3d2e6d369f4cb5,15,3687916af7de1cf1bb996386bf75583df6302845f1681160f159814e8cf0fb3d,1,"[""0.05""]","[""outputs\\tabula_small_intestine\\batch_heldout_seed42_intestinal_tuft_cell_rare5pct""]",24282,23982,315,55,65,435,70,0.047619047619047616,0.034482758620689655,0.16091954022988506,0.000617741536940944
tabula_small_intestine,intestinal tuft cell,42,2d3d2e6d369f4cb5,31,95d7b979a6032608be9aba9d69148d0b6b028fafbefb50692d93cc3fc3920275,1,"[""0.10""]","[""outputs\\tabula_small_intestine\\batch_heldout_seed42_intestinal_tuft_cell_rare10pct""]",24282,23998,315,55,65,435,86,0.09841269841269841,0.07126436781609195,0.19770114942528735,0.001276665843011284
tabula_small_intestine,intestinal tuft cell,42,2d3d2e6d369f4cb5,315,e35086053f34698e5f45edaa5a36ae29b8f05250f490525da0e61709402b932d,1,"[""all""]","[""outputs\\tabula_small_intestine\\batch_heldout_seed42_intestinal_tuft_cell_rareall""]",24282,24282,315,55,65,435,370,1.0,0.7241379310344828,0.8505747126436781,0.012972572275759823
tabula_small_intestine,intestinal tuft cell,43,2d3d2e6d369f4cb5,5,a2e3ef57a0b5cd0b2eac7fe921a1b79920a8b5e2f131b51bb2d212c84a019259,1,"[""0.01""]","[""outputs\\tabula_small_intestine\\batch_heldout_seed43_intestinal_tuft_cell_rare1pct""]",24282,23972,315,55,65,435,60,0.015873015873015872,0.011494252873563218,0.13793103448275862,0.0002059138456469813
tabula_small_intestine,intestinal tuft cell,43,2d3d2e6d369f4cb5,15,4803d585e17a8db7581a70be0893f5b619f87d551a1f62f123f35b97a88a7bc0,1,"[""0.05""]","[""outputs\\tabula_small_intestine\\batch_heldout_seed43_intestinal_tuft_cell_rare5pct""]",24282,23982,315,55,65,435,70,0.047619047619047616,0.034482758620689655,0.16091954022988506,0.000617741536940944
tabula_small_intestine,intestinal tuft cell,43,2d3d2e6d369f4cb5,31,32b7bce48894b0eaa20d81a7e5ebab9e7b81a2d2fda886da9a57db9b4f3bd41a,1,"[""0.10""]","[""outputs\\tabula_small_intestine\\batch_heldout_seed43_intestinal_tuft_cell_rare10pct""]",24282,23998,315,55,65,435,86,0.09841269841269841,0.07126436781609195,0.19770114942528735,0.001276665843011284
tabula_small_intestine,intestinal tuft cell,43,2d3d2e6d369f4cb5,315,e35086053f34698e5f45edaa5a36ae29b8f05250f490525da0e61709402b932d,1,"[""all""]","[""outputs\\tabula_small_intestine\\batch_heldout_seed43_intestinal_tuft_cell_rareall""]",24282,24282,315,55,65,435,370,1.0,0.7241379310344828,0.8505747126436781,0.012972572275759823
tabula_small_intestine,intestinal tuft cell,44,2d3d2e6d369f4cb5,5,680879a442026807e9fc1c5298f2c31408480f6731d283a5c54607ab3493d138,1,"[""0.01""]","[""outputs\\tabula_small_intestine\\batch_heldout_seed44_intestinal_tuft_cell_rare1pct""]",24282,23972,315,55,65,435,60,0.015873015873015872,0.011494252873563218,0.13793103448275862,0.0002059138456469813
tabula_small_intestine,intestinal tuft cell,44,2d3d2e6d369f4cb5,15,6ccc61baacd53d698fc905cde17c7fb877cc07fa5f5c3ae223a732b4a16a64bf,1,"[""0.05""]","[""outputs\\tabula_small_intestine\\batch_heldout_seed44_intestinal_tuft_cell_rare5pct""]",24282,23982,315,55,65,435,70,0.047619047619047616,0.034482758620689655,0.16091954022988506,0.000617741536940944
tabula_small_intestine,intestinal tuft cell,44,2d3d2e6d369f4cb5,31,5e0d7c91f4b05efc50d7a52930252df3bd60bff6559299488a451776a90c2c92,1,"[""0.10""]","[""outputs\\tabula_small_intestine\\batch_heldout_seed44_intestinal_tuft_cell_rare10pct""]",24282,23998,315,55,65,435,86,0.09841269841269841,0.07126436781609195,0.19770114942528735,0.001276665843011284
tabula_small_intestine,intestinal tuft cell,44,2d3d2e6d369f4cb5,315,e35086053f34698e5f45edaa5a36ae29b8f05250f490525da0e61709402b932d,1,"[""all""]","[""outputs\\tabula_small_intestine\\batch_heldout_seed44_intestinal_tuft_cell_rareall""]",24282,24282,315,55,65,435,370,1.0,0.7241379310344828,0.8505747126436781,0.012972572275759823
mouse_lung_tms_10x,vein endothelial cell,42,c89516c458d2c8f2,5,b3af521e13912c84eeafd8441325bce2fac130b7de11316cc5ff19b9c0b61312,1,"[""0.01""]","[""outputs\\mouse_lung_tms_10x\\batch_heldout_seed42_vein_endothelial_cell_rare1pct""]",21585,21377,213,56,51,320,61,0.023474178403755867,0.015625,0.190625,0.0002316423442205235
mouse_lung_tms_10x,vein endothelial cell,42,c89516c458d2c8f2,10,5fc7f66fe892c904aac29544dfe4fb7055171c53195ffbf3c1fcf8b191fd8eaf,1,"[""0.05""]","[""outputs\\mouse_lung_tms_10x\\batch_heldout_seed42_vein_endothelial_cell_rare5pct""]",21585,21382,213,56,51,320,66,0.046948356807511735,0.03125,0.20625,0.000463284688441047
mouse_lung_tms_10x,vein endothelial cell,42,c89516c458d2c8f2,21,c7bb134b104f6e9562d93c5df926dbc69d9fcbf75e7db3fafc9af79d9d7ff1af,1,"[""0.10""]","[""outputs\\mouse_lung_tms_10x\\batch_heldout_seed42_vein_endothelial_cell_rare10pct""]",21585,21393,213,56,51,320,77,0.09859154929577464,0.065625,0.240625,0.0009728978457261987
mouse_lung_tms_10x,vein endothelial cell,42,c89516c458d2c8f2,213,f3324ef55aa3a35550ee501cef19372bfee12b4509bb7c11aa9f1a5df94c9da4,1,"[""all""]","[""outputs\\mouse_lung_tms_10x\\batch_heldout_seed42_vein_endothelial_cell_rareall""]",21585,21585,213,56,51,320,269,1.0,0.665625,0.840625,0.009867963863794302
mouse_lung_tms_10x,vein endothelial cell,43,c89516c458d2c8f2,5,5ca25d2e9c488b74c18e4979f7005ca0541ed8e4db4ba47582cdd7647177de6b,1,"[""0.01""]","[""outputs\\mouse_lung_tms_10x\\batch_heldout_seed43_vein_endothelial_cell_rare1pct""]",21585,21377,213,56,51,320,61,0.023474178403755867,0.015625,0.190625,0.0002316423442205235
mouse_lung_tms_10x,vein endothelial cell,43,c89516c458d2c8f2,10,5a4b43e0f204ccce3c15b7b25d9a442a0681b1c0136da6683f503ae6c5594bd0,1,"[""0.05""]","[""outputs\\mouse_lung_tms_10x\\batch_heldout_seed43_vein_endothelial_cell_rare5pct""]",21585,21382,213,56,51,320,66,0.046948356807511735,0.03125,0.20625,0.000463284688441047
mouse_lung_tms_10x,vein endothelial cell,43,c89516c458d2c8f2,21,212ceb23dcb2209d5fd6e70a4a76819b7ff6893d15e84a26f66a977883a615cb,1,"[""0.10""]","[""outputs\\mouse_lung_tms_10x\\batch_heldout_seed43_vein_endothelial_cell_rare10pct""]",21585,21393,213,56,51,320,77,0.09859154929577464,0.065625,0.240625,0.0009728978457261987
mouse_lung_tms_10x,vein endothelial cell,43,c89516c458d2c8f2,213,f3324ef55aa3a35550ee501cef19372bfee12b4509bb7c11aa9f1a5df94c9da4,1,"[""all""]","[""outputs\\mouse_lung_tms_10x\\batch_heldout_seed43_vein_endothelial_cell_rareall""]",21585,21585,213,56,51,320,269,1.0,0.665625,0.840625,0.009867963863794302
mouse_lung_tms_10x,vein endothelial cell,44,c89516c458d2c8f2,5,463b0d6d1a90ae9602a4ac6c04d253db2a92bd787404fb45831c91aa703655e3,1,"[""0.01""]","[""outputs\\mouse_lung_tms_10x\\batch_heldout_seed44_vein_endothelial_cell_rare1pct""]",21585,21377,213,56,51,320,61,0.023474178403755867,0.015625,0.190625,0.0002316423442205235
mouse_lung_tms_10x,vein endothelial cell,44,c89516c458d2c8f2,10,9fd90210711d434675440f488f402117f5581e81063b8d2d9a0005874b647a02,1,"[""0.05""]","[""outputs\\mouse_lung_tms_10x\\batch_heldout_seed44_vein_endothelial_cell_rare5pct""]",21585,21382,213,56,51,320,66,0.046948356807511735,0.03125,0.20625,0.000463284688441047
mouse_lung_tms_10x,vein endothelial cell,44,c89516c458d2c8f2,21,b5de6c4a6b7a796203d81ee2b88a2e0cc4b4f0b9c2062ccf7c945f1d4e6913eb,1,"[""0.10""]","[""outputs\\mouse_lung_tms_10x\\batch_heldout_seed44_vein_endothelial_cell_rare10pct""]",21585,21393,213,56,51,320,77,0.09859154929577464,0.065625,0.240625,0.0009728978457261987
mouse_lung_tms_10x,vein endothelial cell,44,c89516c458d2c8f2,213,f3324ef55aa3a35550ee501cef19372bfee12b4509bb7c11aa9f1a5df94c9da4,1,"[""all""]","[""outputs\\mouse_lung_tms_10x\\batch_heldout_seed44_vein_endothelial_cell_rareall""]",21585,21585,213,56,51,320,269,1.0,0.665625,0.840625,0.009867963863794302
mouse_pancreas_tms_10x,pancreatic D cell,42,18225570fcb5d9ef,5,be6aec7ff639ff73bdf5413e4fbd6d1534e5f2c491a3cb3d65976176b5cdb570,1,"[""0.01""]","[""outputs\\mouse_pancreas_tms_10x\\batch_heldout_seed42_pancreatic_d_cell_rare1pct""]",4821,4652,174,27,71,272,32,0.028735632183908046,0.01838235294117647,0.11764705882352941,0.0010371292263015972
mouse_pancreas_tms_10x,pancreatic D cell,42,18225570fcb5d9ef,8,bbbec7c6d0177f389b045dd715d8433692d421b0b88e233bbc32464e3b784aed,1,"[""0.05""]","[""outputs\\mouse_pancreas_tms_10x\\batch_heldout_seed42_pancreatic_d_cell_rare5pct""]",4821,4655,174,27,71,272,35,0.04597701149425287,0.029411764705882353,0.12867647058823528,0.0016594067620825555
mouse_pancreas_tms_10x,pancreatic D cell,42,18225570fcb5d9ef,17,e74bc08ab2e53fd5a8cbc909636e0cd6a5ba5fe294e7e3414d08bfdd6b4f077a,1,"[""0.10""]","[""outputs\\mouse_pancreas_tms_10x\\batch_heldout_seed42_pancreatic_d_cell_rare10pct""]",4821,4664,174,27,71,272,44,0.09770114942528736,0.0625,0.16176470588235295,0.0035262393694254304
mouse_pancreas_tms_10x,pancreatic D cell,42,18225570fcb5d9ef,174,8b20b81b901a4d91e9f3d77dff05562c430d05b695b379aedbfd27999959fe0c,1,"[""all""]","[""outputs\\mouse_pancreas_tms_10x\\batch_heldout_seed42_pancreatic_d_cell_rareall""]",4821,4821,174,27,71,272,201,1.0,0.6397058823529411,0.7389705882352942,0.03609209707529558
mouse_pancreas_tms_10x,pancreatic D cell,43,18225570fcb5d9ef,5,5df8f7d057bcbf31d246b2c427e5d339b76c9003097e3275cc6bfe04d46781f1,1,"[""0.01""]","[""outputs\\mouse_pancreas_tms_10x\\batch_heldout_seed43_pancreatic_d_cell_rare1pct""]",4821,4652,174,27,71,272,32,0.028735632183908046,0.01838235294117647,0.11764705882352941,0.0010371292263015972
mouse_pancreas_tms_10x,pancreatic D cell,43,18225570fcb5d9ef,8,95679432a5bff1e76d60faed7017041b619e279f857d68a205356284d685eebf,1,"[""0.05""]","[""outputs\\mouse_pancreas_tms_10x\\batch_heldout_seed43_pancreatic_d_cell_rare5pct""]",4821,4655,174,27,71,272,35,0.04597701149425287,0.029411764705882353,0.12867647058823528,0.0016594067620825555
mouse_pancreas_tms_10x,pancreatic D cell,43,18225570fcb5d9ef,17,3a237894e6f21599ddea3fb9a0a11b5f4b5ae12224dd1ff4d572d9d50256a344,1,"[""0.10""]","[""outputs\\mouse_pancreas_tms_10x\\batch_heldout_seed43_pancreatic_d_cell_rare10pct""]",4821,4664,174,27,71,272,44,0.09770114942528736,0.0625,0.16176470588235295,0.0035262393694254304
mouse_pancreas_tms_10x,pancreatic D cell,43,18225570fcb5d9ef,174,8b20b81b901a4d91e9f3d77dff05562c430d05b695b379aedbfd27999959fe0c,1,"[""all""]","[""outputs\\mouse_pancreas_tms_10x\\batch_heldout_seed43_pancreatic_d_cell_rareall""]",4821,4821,174,27,71,272,201,1.0,0.6397058823529411,0.7389705882352942,0.03609209707529558
mouse_pancreas_tms_10x,pancreatic D cell,44,18225570fcb5d9ef,5,9b15207fbaeeddd62642c3690cea35eb113a5129d818a3409b6ca0af3bfbfbc0,1,"[""0.01""]","[""outputs\\mouse_pancreas_tms_10x\\batch_heldout_seed44_pancreatic_d_cell_rare1pct""]",4821,4652,174,27,71,272,32,0.028735632183908046,0.01838235294117647,0.11764705882352941,0.0010371292263015972
mouse_pancreas_tms_10x,pancreatic D cell,44,18225570fcb5d9ef,8,6c3befb76a63a359893ae3cbab29c4a843d77a945fb71256dfc39dd9819b23ea,1,"[""0.05""]","[""outputs\\mouse_pancreas_tms_10x\\batch_heldout_seed44_pancreatic_d_cell_rare5pct""]",4821,4655,174,27,71,272,35,0.04597701149425287,0.029411764705882353,0.12867647058823528,0.0016594067620825555
mouse_pancreas_tms_10x,pancreatic D cell,44,18225570fcb5d9ef,17,20f856aaee7005c8eff84059b675103e6d495cf5dd83fbb9cd434aab50dc0575,1,"[""0.10""]","[""outputs\\mouse_pancreas_tms_10x\\batch_heldout_seed44_pancreatic_d_cell_rare10pct""]",4821,4664,174,27,71,272,44,0.09770114942528736,0.0625,0.16176470588235295,0.0035262393694254304
mouse_pancreas_tms_10x,pancreatic D cell,44,18225570fcb5d9ef,174,8b20b81b901a4d91e9f3d77dff05562c430d05b695b379aedbfd27999959fe0c,1,"[""all""]","[""outputs\\mouse_pancreas_tms_10x\\batch_heldout_seed44_pancreatic_d_cell_rareall""]",4821,4821,174,27,71,272,201,1.0,0.6397058823529411,0.7389705882352942,0.03609209707529558
