dataset,seed,rare_train_size,rare_class,split_mode,run_dir,status,error,separability,n_train,n_validation,n_train_rare,n_labeled_total,n_labeled_rare,expected_labeled_rare,labeled_mask_source,val_missed,abstain,abstain_reason,chosen_rank,tau,raw_candidates,raw_candidate_true_rare,raw_candidate_nonrare,historical_comparison_available,historical_comparison_match,reconstruction_basis,n_test,true_rare,true_nonrare,baseline_missed_rare,true_rescues,false_rescues,all_rescues,remaining_missed_rare,recovery_rate,rescue_precision,rescue_fdp,incremental_fpr,rescue_ffr
immune_dc,42,0.01,ASDC,batch_heldout,outputs\immune_dc\batch_heldout_seed42_asdc_rare1pct,success,,2.1125757445434328,11291,5862,277,11019,5,5,train_predictions.is_labeled_for_scanvi,115.0,False,rescue_applied,1.0,0.10510290735292942,110.0,107.0,3.0,True,True,current_formal_replay,6134,130,6004,130,107,0,107,23,0.823076923076923,1.0,0.0,0.0,0.0
immune_dc,42,0.05,ASDC,batch_heldout,outputs\immune_dc\batch_heldout_seed42_asdc_rare5pct,success,,2.137647998234371,11291,5862,277,11027,13,13,train_predictions.is_labeled_for_scanvi,29.0,False,rescue_applied,1.0,0.147355569901507,25.0,23.0,2.0,True,True,current_formal_replay,6134,130,6004,36,23,1,24,13,0.6388888888888888,0.9583333333333334,0.041666666666666664,0.00016655562958027982,0.00016655562958027982
immune_dc,42,0.10,ASDC,batch_heldout,outputs\immune_dc\batch_heldout_seed42_asdc_rare10pct,success,,2.1041139056895917,11291,5862,277,11041,27,27,train_predictions.is_labeled_for_scanvi,24.0,False,rescue_applied,1.0,0.13499912823538188,14.0,12.0,2.0,True,True,current_formal_replay,6134,130,6004,27,12,2,14,15,0.4444444444444444,0.8571428571428571,0.14285714285714285,0.00033311125916055963,0.00033311125916055963
immune_dc,42,all,ASDC,batch_heldout,outputs\immune_dc\batch_heldout_seed42_asdc_rareall,success,,1.762226411576769,11291,5862,277,11291,277,277,train_predictions.is_labeled_for_scanvi,11.0,False,rescue_applied,1.0,0.16212077772999428,5.0,4.0,1.0,True,True,current_formal_replay,6134,130,6004,13,4,1,5,9,0.3076923076923077,0.8,0.2,0.00016655562958027982,0.00016655562958027982
immune_dc,43,0.01,ASDC,batch_heldout,outputs\immune_dc\batch_heldout_seed43_asdc_rare1pct,success,,2.4436483952184123,11291,5862,277,11019,5,5,train_predictions.is_labeled_for_scanvi,115.0,False,rescue_applied,1.0,0.07444678346541897,115.0,114.0,1.0,True,True,current_formal_replay,6134,130,6004,130,114,1,115,16,0.8769230769230769,0.991304347826087,0.008695652173913044,0.00016655562958027982,0.00016655562958027982
immune_dc,43,0.05,ASDC,batch_heldout,outputs\immune_dc\batch_heldout_seed43_asdc_rare5pct,success,,1.9467985683615165,11291,5862,277,11027,13,13,train_predictions.is_labeled_for_scanvi,21.0,False,rescue_applied,1.0,0.11493893795019516,14.0,12.0,2.0,True,True,current_formal_replay,6134,130,6004,25,12,2,14,13,0.48,0.8571428571428571,0.14285714285714285,0.00033311125916055963,0.00033311125916055963
immune_dc,43,0.10,ASDC,batch_heldout,outputs\immune_dc\batch_heldout_seed43_asdc_rare10pct,success,,1.7471778231641841,11291,5862,277,11041,27,27,train_predictions.is_labeled_for_scanvi,13.0,False,rescue_applied,1.0,0.17841804464827227,10.0,8.0,2.0,True,True,current_formal_replay,6134,130,6004,17,8,2,10,9,0.47058823529411764,0.8,0.2,0.00033311125916055963,0.00033311125916055963
immune_dc,43,all,ASDC,batch_heldout,outputs\immune_dc\batch_heldout_seed43_asdc_rareall,success,,1.9373731002060308,11291,5862,277,11291,277,277,train_predictions.is_labeled_for_scanvi,8.0,False,rescue_applied,1.0,0.15638695527776061,2.0,2.0,0.0,True,True,current_formal_replay,6134,130,6004,11,2,0,2,9,0.18181818181818182,1.0,0.0,0.0,0.0
immune_dc,44,0.01,ASDC,batch_heldout,outputs\immune_dc\batch_heldout_seed44_asdc_rare1pct,success,,2.7582922544892616,11291,5862,277,11019,5,5,train_predictions.is_labeled_for_scanvi,114.0,False,rescue_applied,1.0,0.08856059306166876,117.0,117.0,0.0,True,True,current_formal_replay,6134,130,6004,130,117,0,117,13,0.9,1.0,0.0,0.0,0.0
immune_dc,44,0.05,ASDC,batch_heldout,outputs\immune_dc\batch_heldout_seed44_asdc_rare5pct,success,,1.6314302225629382,11291,5862,277,11027,13,13,train_predictions.is_labeled_for_scanvi,24.0,False,rescue_applied,1.0,0.12873657042613385,22.0,17.0,5.0,True,True,current_formal_replay,6134,130,6004,27,17,5,22,10,0.6296296296296297,0.7727272727272727,0.22727272727272727,0.0008327781479013991,0.0008327781479013991
immune_dc,44,0.10,ASDC,batch_heldout,outputs\immune_dc\batch_heldout_seed44_asdc_rare10pct,success,,1.9126686449948958,11291,5862,277,11041,27,27,train_predictions.is_labeled_for_scanvi,21.0,False,rescue_applied,1.0,0.13975317717367453,15.0,10.0,5.0,True,True,current_formal_replay,6134,130,6004,19,10,5,15,9,0.5263157894736842,0.6666666666666666,0.3333333333333333,0.0008327781479013991,0.0008327781479013991
immune_dc,44,all,ASDC,batch_heldout,outputs\immune_dc\batch_heldout_seed44_asdc_rareall,success,,1.8291981444218912,11291,5862,277,11291,277,277,train_predictions.is_labeled_for_scanvi,8.0,False,rescue_applied,1.0,0.1680048092773557,8.0,2.0,6.0,True,True,current_formal_replay,6134,130,6004,10,2,6,8,8,0.2,0.25,0.75,0.000999333777481679,0.000999333777481679
pancreas_baron,42,0.01,gamma,batch_heldout,outputs\pancreas_baron\batch_heldout_seed42_gamma_rare1pct,success,,1.5213334094991247,5542,1303,106,5441,5,5,train_predictions.is_labeled_for_scanvi,58.0,False,rescue_applied,2.0,0.09526462817763968,78.0,54.0,24.0,True,True,current_formal_replay,1724,86,1638,75,54,16,70,21,0.72,0.7714285714285715,0.22857142857142856,0.009768009768009768,0.009768009768009768
pancreas_baron,42,0.05,gamma,batch_heldout,outputs\pancreas_baron\batch_heldout_seed42_gamma_rare5pct,success,,1.5213334094991247,5542,1303,106,5441,5,5,train_predictions.is_labeled_for_scanvi,58.0,False,rescue_applied,2.0,0.09526462817763968,78.0,54.0,24.0,True,True,current_formal_replay,1724,86,1638,75,54,16,70,21,0.72,0.7714285714285715,0.22857142857142856,0.009768009768009768,0.009768009768009768
pancreas_baron,42,0.10,gamma,batch_heldout,outputs\pancreas_baron\batch_heldout_seed42_gamma_rare10pct,success,,1.4421529708491374,5542,1303,106,5446,10,10,train_predictions.is_labeled_for_scanvi,29.0,False,rescue_applied,1.0,0.10301659085062248,8.0,5.0,3.0,True,True,current_formal_replay,1724,86,1638,29,5,3,8,24,0.1724137931034483,0.625,0.375,0.0018315018315018315,0.0018315018315018315
pancreas_baron,42,all,gamma,batch_heldout,outputs\pancreas_baron\batch_heldout_seed42_gamma_rareall,success,,1.159680349882819,5542,1303,106,5542,106,106,train_predictions.is_labeled_for_scanvi,,True,sep<1.3,0.0,inf,,,,True,True,current_formal_replay,1724,86,1638,6,0,0,0,6,0.0,,,0.0,0.0
pancreas_baron,43,0.01,gamma,batch_heldout,outputs\pancreas_baron\batch_heldout_seed43_gamma_rare1pct,success,,1.1244837226660471,5542,1303,106,5441,5,5,train_predictions.is_labeled_for_scanvi,,True,sep<1.3,0.0,inf,,,,True,True,current_formal_replay,1724,86,1638,74,0,0,0,74,0.0,,,0.0,0.0
pancreas_baron,43,0.05,gamma,batch_heldout,outputs\pancreas_baron\batch_heldout_seed43_gamma_rare5pct,success,,1.1244837226660471,5542,1303,106,5441,5,5,train_predictions.is_labeled_for_scanvi,,True,sep<1.3,0.0,inf,,,,True,True,current_formal_replay,1724,86,1638,74,0,0,0,74,0.0,,,0.0,0.0
pancreas_baron,43,0.10,gamma,batch_heldout,outputs\pancreas_baron\batch_heldout_seed43_gamma_rare10pct,success,,1.5543486264216433,5542,1303,106,5446,10,10,train_predictions.is_labeled_for_scanvi,19.0,False,rescue_applied,1.0,0.09378608122937314,43.0,16.0,27.0,True,True,current_formal_replay,1724,86,1638,29,11,8,19,18,0.3793103448275862,0.5789473684210527,0.42105263157894735,0.004884004884004884,0.004884004884004884
pancreas_baron,43,all,gamma,batch_heldout,outputs\pancreas_baron\batch_heldout_seed43_gamma_rareall,success,,1.1218329740371191,5542,1303,106,5542,106,106,train_predictions.is_labeled_for_scanvi,,True,sep<1.3,0.0,inf,,,,True,True,current_formal_replay,1724,86,1638,9,0,0,0,9,0.0,,,0.0,0.0
pancreas_baron,44,0.01,gamma,batch_heldout,outputs\pancreas_baron\batch_heldout_seed44_gamma_rare1pct,success,,1.221958717366858,5542,1303,106,5441,5,5,train_predictions.is_labeled_for_scanvi,,True,sep<1.3,0.0,inf,,,,True,True,current_formal_replay,1724,86,1638,42,0,0,0,42,0.0,,,0.0,0.0
pancreas_baron,44,0.05,gamma,batch_heldout,outputs\pancreas_baron\batch_heldout_seed44_gamma_rare5pct,success,,1.221958717366858,5542,1303,106,5441,5,5,train_predictions.is_labeled_for_scanvi,,True,sep<1.3,0.0,inf,,,,True,True,current_formal_replay,1724,86,1638,42,0,0,0,42,0.0,,,0.0,0.0
pancreas_baron,44,0.10,gamma,batch_heldout,outputs\pancreas_baron\batch_heldout_seed44_gamma_rare10pct,success,,1.1240523770949333,5542,1303,106,5446,10,10,train_predictions.is_labeled_for_scanvi,,True,sep<1.3,0.0,inf,,,,True,True,current_formal_replay,1724,86,1638,15,0,0,0,15,0.0,,,0.0,0.0
pancreas_baron,44,all,gamma,batch_heldout,outputs\pancreas_baron\batch_heldout_seed44_gamma_rareall,success,,1.0929299673770752,5542,1303,106,5542,106,106,train_predictions.is_labeled_for_scanvi,,True,sep<1.3,0.0,inf,,,,True,True,current_formal_replay,1724,86,1638,12,0,0,0,12,0.0,,,0.0,0.0
pancreas_integrated,42,0.01,endothelial,batch_heldout,outputs\pancreas_integrated\batch_heldout_seed42_endothelial_rare1pct,success,,1.4516007383338212,7936,1303,243,7698,5,5,train_predictions.is_labeled_for_scanvi,2.0,True,val_missed=2 < MIN_VAL_MISSED=3,0.0,inf,,,,True,True,current_formal_replay,1724,23,1701,0,0,0,0,0,,,,0.0,0.0
pancreas_integrated,42,0.05,endothelial,batch_heldout,outputs\pancreas_integrated\batch_heldout_seed42_endothelial_rare5pct,success,,1.5431647800090584,7936,1303,243,7705,12,12,train_predictions.is_labeled_for_scanvi,1.0,True,val_missed=1 < MIN_VAL_MISSED=3,0.0,inf,,,,True,True,current_formal_replay,1724,23,1701,0,0,0,0,0,,,,0.0,0.0
pancreas_integrated,42,0.10,endothelial,batch_heldout,outputs\pancreas_integrated\batch_heldout_seed42_endothelial_rare10pct,success,,1.3409552296871317,7936,1303,243,7717,24,24,train_predictions.is_labeled_for_scanvi,0.0,True,val baseline 零漏判稀有,0.0,inf,,,,True,True,current_formal_replay,1724,23,1701,0,0,0,0,0,,,,0.0,0.0
pancreas_integrated,42,all,endothelial,batch_heldout,outputs\pancreas_integrated\batch_heldout_seed42_endothelial_rareall,success,,1.4441964275317618,7936,1303,243,7936,243,243,train_predictions.is_labeled_for_scanvi,0.0,True,val baseline 零漏判稀有,0.0,inf,,,,True,True,current_formal_replay,1724,23,1701,0,0,0,0,0,,,,0.0,0.0
pancreas_integrated,43,0.01,endothelial,batch_heldout,outputs\pancreas_integrated\batch_heldout_seed43_endothelial_rare1pct,success,,2.3225058448785476,7936,1303,243,7698,5,5,train_predictions.is_labeled_for_scanvi,1.0,True,val_missed=1 < MIN_VAL_MISSED=3,0.0,inf,,,,True,True,current_formal_replay,1724,23,1701,0,0,0,0,0,,,,0.0,0.0
pancreas_integrated,43,0.05,endothelial,batch_heldout,outputs\pancreas_integrated\batch_heldout_seed43_endothelial_rare5pct,success,,1.6065062893362476,7936,1303,243,7705,12,12,train_predictions.is_labeled_for_scanvi,1.0,True,val_missed=1 < MIN_VAL_MISSED=3,0.0,inf,,,,True,True,current_formal_replay,1724,23,1701,0,0,0,0,0,,,,0.0,0.0
pancreas_integrated,43,0.10,endothelial,batch_heldout,outputs\pancreas_integrated\batch_heldout_seed43_endothelial_rare10pct,success,,1.3032288969759749,7936,1303,243,7717,24,24,train_predictions.is_labeled_for_scanvi,1.0,True,val_missed=1 < MIN_VAL_MISSED=3,0.0,inf,,,,True,True,current_formal_replay,1724,23,1701,0,0,0,0,0,,,,0.0,0.0
pancreas_integrated,43,all,endothelial,batch_heldout,outputs\pancreas_integrated\batch_heldout_seed43_endothelial_rareall,success,,1.4103775221365091,7936,1303,243,7936,243,243,train_predictions.is_labeled_for_scanvi,0.0,True,val baseline 零漏判稀有,0.0,inf,,,,True,True,current_formal_replay,1724,23,1701,0,0,0,0,0,,,,0.0,0.0
pancreas_integrated,44,0.01,endothelial,batch_heldout,outputs\pancreas_integrated\batch_heldout_seed44_endothelial_rare1pct,success,,1.4166589946361952,7936,1303,243,7698,5,5,train_predictions.is_labeled_for_scanvi,5.0,False,rescue_applied,1.0,0.11839036272394325,23.0,23.0,0.0,True,True,current_formal_replay,1724,23,1701,23,23,0,23,0,1.0,1.0,0.0,0.0,0.0
pancreas_integrated,44,0.05,endothelial,batch_heldout,outputs\pancreas_integrated\batch_heldout_seed44_endothelial_rare5pct,success,,1.5340821664253836,7936,1303,243,7705,12,12,train_predictions.is_labeled_for_scanvi,1.0,True,val_missed=1 < MIN_VAL_MISSED=3,0.0,inf,,,,True,True,current_formal_replay,1724,23,1701,0,0,0,0,0,,,,0.0,0.0
pancreas_integrated,44,0.10,endothelial,batch_heldout,outputs\pancreas_integrated\batch_heldout_seed44_endothelial_rare10pct,success,,1.5686109921324445,7936,1303,243,7717,24,24,train_predictions.is_labeled_for_scanvi,0.0,True,val baseline 零漏判稀有,0.0,inf,,,,True,True,current_formal_replay,1724,23,1701,0,0,0,0,0,,,,0.0,0.0
pancreas_integrated,44,all,endothelial,batch_heldout,outputs\pancreas_integrated\batch_heldout_seed44_endothelial_rareall,success,,1.36654747640278,7936,1303,243,7936,243,243,train_predictions.is_labeled_for_scanvi,0.0,True,val baseline 零漏判稀有,0.0,inf,,,,True,True,current_formal_replay,1724,23,1701,0,0,0,0,0,,,,0.0,0.0
tabula_lung_endo,42,0.01,endothelial cell of lymphatic vessel,batch_heldout,outputs\tabula_lung_endo\batch_heldout_seed42_endothelial_cell_of_lymphatic_vessel_rare1pct,success,,2.346817408359635,7464,887,208,7261,5,5,train_predictions.is_labeled_for_scanvi,34.0,False,rescue_applied,1.0,0.10672151205434444,67.0,65.0,2.0,True,True,current_formal_replay,1781,65,1716,65,65,2,67,0,1.0,0.9701492537313433,0.029850746268656716,0.0011655011655011655,0.0011655011655011655
tabula_lung_endo,42,0.05,endothelial cell of lymphatic vessel,batch_heldout,outputs\tabula_lung_endo\batch_heldout_seed42_endothelial_cell_of_lymphatic_vessel_rare5pct,success,,1.8789782099699441,7464,887,208,7266,10,10,train_predictions.is_labeled_for_scanvi,10.0,False,rescue_applied,1.0,0.17689187806042936,36.0,32.0,4.0,True,True,current_formal_replay,1781,65,1716,32,32,4,36,0,1.0,0.8888888888888888,0.1111111111111111,0.002331002331002331,0.002331002331002331
tabula_lung_endo,42,0.10,endothelial cell of lymphatic vessel,batch_heldout,outputs\tabula_lung_endo\batch_heldout_seed42_endothelial_cell_of_lymphatic_vessel_rare10pct,success,,1.6588596718230222,7464,887,208,7276,20,20,train_predictions.is_labeled_for_scanvi,1.0,True,val_missed=1 < MIN_VAL_MISSED=3,0.0,inf,,,,True,True,current_formal_replay,1781,65,1716,1,0,0,0,1,0.0,,,0.0,0.0
tabula_lung_endo,42,all,endothelial cell of lymphatic vessel,batch_heldout,outputs\tabula_lung_endo\batch_heldout_seed42_endothelial_cell_of_lymphatic_vessel_rareall,success,,1.6709684713901254,7464,887,208,7464,208,208,train_predictions.is_labeled_for_scanvi,0.0,True,val baseline 零漏判稀有,0.0,inf,,,,True,True,current_formal_replay,1781,65,1716,0,0,0,0,0,,,,0.0,0.0
tabula_lung_endo,43,0.01,endothelial cell of lymphatic vessel,batch_heldout,outputs\tabula_lung_endo\batch_heldout_seed43_endothelial_cell_of_lymphatic_vessel_rare1pct,success,,1.9886052700307806,7464,887,208,7261,5,5,train_predictions.is_labeled_for_scanvi,22.0,False,rescue_applied,1.0,0.08600986839163967,57.0,56.0,1.0,True,True,current_formal_replay,1781,65,1716,58,56,0,56,2,0.9655172413793104,1.0,0.0,0.0,0.0
tabula_lung_endo,43,0.05,endothelial cell of lymphatic vessel,batch_heldout,outputs\tabula_lung_endo\batch_heldout_seed43_endothelial_cell_of_lymphatic_vessel_rare5pct,success,,1.691269034924717,7464,887,208,7266,10,10,train_predictions.is_labeled_for_scanvi,3.0,False,rescue_applied,1.0,0.183864051494315,8.0,5.0,3.0,True,True,current_formal_replay,1781,65,1716,5,5,3,8,0,1.0,0.625,0.375,0.0017482517482517483,0.0017482517482517483
tabula_lung_endo,43,0.10,endothelial cell of lymphatic vessel,batch_heldout,outputs\tabula_lung_endo\batch_heldout_seed43_endothelial_cell_of_lymphatic_vessel_rare10pct,success,,1.7337657666358008,7464,887,208,7276,20,20,train_predictions.is_labeled_for_scanvi,1.0,True,val_missed=1 < MIN_VAL_MISSED=3,0.0,inf,,,,True,True,current_formal_replay,1781,65,1716,2,0,0,0,2,0.0,,,0.0,0.0
tabula_lung_endo,43,all,endothelial cell of lymphatic vessel,batch_heldout,outputs\tabula_lung_endo\batch_heldout_seed43_endothelial_cell_of_lymphatic_vessel_rareall,success,,1.4801219626440585,7464,887,208,7464,208,208,train_predictions.is_labeled_for_scanvi,1.0,True,val_missed=1 < MIN_VAL_MISSED=3,0.0,inf,,,,True,True,current_formal_replay,1781,65,1716,0,0,0,0,0,,,,0.0,0.0
tabula_lung_endo,44,0.01,endothelial cell of lymphatic vessel,batch_heldout,outputs\tabula_lung_endo\batch_heldout_seed44_endothelial_cell_of_lymphatic_vessel_rare1pct,success,,2.0897712781603284,7464,887,208,7261,5,5,train_predictions.is_labeled_for_scanvi,18.0,False,rescue_applied,1.0,0.13896265875183658,24.0,23.0,1.0,True,True,current_formal_replay,1781,65,1716,25,23,1,24,2,0.92,0.9583333333333334,0.041666666666666664,0.0005827505827505828,0.0005827505827505828
tabula_lung_endo,44,0.05,endothelial cell of lymphatic vessel,batch_heldout,outputs\tabula_lung_endo\batch_heldout_seed44_endothelial_cell_of_lymphatic_vessel_rare5pct,success,,1.7970171102316257,7464,887,208,7266,10,10,train_predictions.is_labeled_for_scanvi,3.0,False,rescue_applied,1.0,0.17930921867457592,6.0,6.0,0.0,True,True,current_formal_replay,1781,65,1716,6,6,0,6,0,1.0,1.0,0.0,0.0,0.0
tabula_lung_endo,44,0.10,endothelial cell of lymphatic vessel,batch_heldout,outputs\tabula_lung_endo\batch_heldout_seed44_endothelial_cell_of_lymphatic_vessel_rare10pct,success,,1.689411879757718,7464,887,208,7276,20,20,train_predictions.is_labeled_for_scanvi,1.0,True,val_missed=1 < MIN_VAL_MISSED=3,0.0,inf,,,,True,True,current_formal_replay,1781,65,1716,2,0,0,0,2,0.0,,,0.0,0.0
tabula_lung_endo,44,all,endothelial cell of lymphatic vessel,batch_heldout,outputs\tabula_lung_endo\batch_heldout_seed44_endothelial_cell_of_lymphatic_vessel_rareall,success,,1.6533359543442292,7464,887,208,7464,208,208,train_predictions.is_labeled_for_scanvi,1.0,True,val_missed=1 < MIN_VAL_MISSED=3,0.0,inf,,,,True,True,current_formal_replay,1781,65,1716,2,0,0,0,2,0.0,,,0.0,0.0
tabula_sapiens_stomach,42,0.01,mast cell,batch_heldout,outputs\tabula_sapiens_stomach\batch_heldout_seed42_mast_cell_rare1pct,success,,1.7794411234665837,14277,9212,52,14230,5,5,train_predictions.is_labeled_for_scanvi,36.0,False,rescue_applied,2.0,0.056060221092595876,7.0,7.0,0.0,True,True,current_formal_replay,9575,32,9543,20,7,0,7,13,0.35,1.0,0.0,0.0,0.0
tabula_sapiens_stomach,42,0.05,mast cell,batch_heldout,outputs\tabula_sapiens_stomach\batch_heldout_seed42_mast_cell_rare5pct,success,,1.7794411234665837,14277,9212,52,14230,5,5,train_predictions.is_labeled_for_scanvi,36.0,False,rescue_applied,2.0,0.056060221092595876,7.0,7.0,0.0,True,True,current_formal_replay,9575,32,9543,20,7,0,7,13,0.35,1.0,0.0,0.0,0.0
tabula_sapiens_stomach,42,0.10,mast cell,batch_heldout,outputs\tabula_sapiens_stomach\batch_heldout_seed42_mast_cell_rare10pct,success,,1.7794411234665837,14277,9212,52,14230,5,5,train_predictions.is_labeled_for_scanvi,36.0,False,rescue_applied,2.0,0.056060221092595876,7.0,7.0,0.0,True,True,current_formal_replay,9575,32,9543,20,7,0,7,13,0.35,1.0,0.0,0.0,0.0
tabula_sapiens_stomach,42,all,mast cell,batch_heldout,outputs\tabula_sapiens_stomach\batch_heldout_seed42_mast_cell_rareall,success,,1.818143687441375,14277,9212,52,14277,52,52,train_predictions.is_labeled_for_scanvi,58.0,False,rescue_applied,2.0,0.061153014248000855,9.0,9.0,0.0,True,True,current_formal_replay,9575,32,9543,24,9,0,9,15,0.375,1.0,0.0,0.0,0.0
tabula_sapiens_stomach,43,0.01,mast cell,batch_heldout,outputs\tabula_sapiens_stomach\batch_heldout_seed43_mast_cell_rare1pct,success,,2.512400839225125,14277,9212,52,14230,5,5,train_predictions.is_labeled_for_scanvi,22.0,False,rescue_applied,3.0,0.025024615354407316,1.0,1.0,0.0,True,True,current_formal_replay,9575,32,9543,15,1,0,1,14,0.06666666666666667,1.0,0.0,0.0,0.0
tabula_sapiens_stomach,43,0.05,mast cell,batch_heldout,outputs\tabula_sapiens_stomach\batch_heldout_seed43_mast_cell_rare5pct,success,,2.512400839225125,14277,9212,52,14230,5,5,train_predictions.is_labeled_for_scanvi,22.0,False,rescue_applied,3.0,0.025024615354407316,1.0,1.0,0.0,True,True,current_formal_replay,9575,32,9543,15,1,0,1,14,0.06666666666666667,1.0,0.0,0.0,0.0
tabula_sapiens_stomach,43,0.10,mast cell,batch_heldout,outputs\tabula_sapiens_stomach\batch_heldout_seed43_mast_cell_rare10pct,success,,2.512400839225125,14277,9212,52,14230,5,5,train_predictions.is_labeled_for_scanvi,22.0,False,rescue_applied,3.0,0.025024615354407316,1.0,1.0,0.0,True,True,current_formal_replay,9575,32,9543,15,1,0,1,14,0.06666666666666667,1.0,0.0,0.0,0.0
tabula_sapiens_stomach,43,all,mast cell,batch_heldout,outputs\tabula_sapiens_stomach\batch_heldout_seed43_mast_cell_rareall,success,,1.7545847738387703,14277,9212,52,14277,52,52,train_predictions.is_labeled_for_scanvi,8.0,False,rescue_applied,1.0,0.06089400220964474,2.0,2.0,0.0,True,True,current_formal_replay,9575,32,9543,16,2,0,2,14,0.125,1.0,0.0,0.0,0.0
tabula_sapiens_stomach,44,0.01,mast cell,batch_heldout,outputs\tabula_sapiens_stomach\batch_heldout_seed44_mast_cell_rare1pct,success,,1.89385777454797,14277,9212,52,14230,5,5,train_predictions.is_labeled_for_scanvi,7.0,False,rescue_applied,1.0,0.03565730289618489,4.0,4.0,0.0,True,True,current_formal_replay,9575,32,9543,18,4,0,4,14,0.2222222222222222,1.0,0.0,0.0,0.0
tabula_sapiens_stomach,44,0.05,mast cell,batch_heldout,outputs\tabula_sapiens_stomach\batch_heldout_seed44_mast_cell_rare5pct,success,,1.89385777454797,14277,9212,52,14230,5,5,train_predictions.is_labeled_for_scanvi,7.0,False,rescue_applied,1.0,0.03565730289618489,4.0,4.0,0.0,True,True,current_formal_replay,9575,32,9543,18,4,0,4,14,0.2222222222222222,1.0,0.0,0.0,0.0
tabula_sapiens_stomach,44,0.10,mast cell,batch_heldout,outputs\tabula_sapiens_stomach\batch_heldout_seed44_mast_cell_rare10pct,success,,1.89385777454797,14277,9212,52,14230,5,5,train_predictions.is_labeled_for_scanvi,7.0,False,rescue_applied,1.0,0.03565730289618489,4.0,4.0,0.0,True,True,current_formal_replay,9575,32,9543,18,4,0,4,14,0.2222222222222222,1.0,0.0,0.0,0.0
tabula_sapiens_stomach,44,all,mast cell,batch_heldout,outputs\tabula_sapiens_stomach\batch_heldout_seed44_mast_cell_rareall,success,,1.7388340169675545,14277,9212,52,14277,52,52,train_predictions.is_labeled_for_scanvi,5.0,False,rescue_applied,1.0,0.057134127470862106,5.0,5.0,0.0,True,True,current_formal_replay,9575,32,9543,18,5,0,5,13,0.2777777777777778,1.0,0.0,0.0,0.0
tabula_small_intestine,42,0.01,intestinal tuft cell,batch_heldout,outputs\tabula_small_intestine\batch_heldout_seed42_intestinal_tuft_cell_rare1pct,success,,3.16499844210852,24282,9715,315,23972,5,5,train_predictions.is_labeled_for_scanvi,0.0,True,val baseline 零漏判稀有,0.0,inf,,,,True,True,current_formal_replay,6353,65,6288,0,0,0,0,0,,,,0.0,0.0
tabula_small_intestine,42,0.05,intestinal tuft cell,batch_heldout,outputs\tabula_small_intestine\batch_heldout_seed42_intestinal_tuft_cell_rare5pct,success,,2.6236530760816006,24282,9715,315,23982,15,15,train_predictions.is_labeled_for_scanvi,0.0,True,val baseline 零漏判稀有,0.0,inf,,,,True,True,current_formal_replay,6353,65,6288,0,0,0,0,0,,,,0.0,0.0
tabula_small_intestine,42,0.10,intestinal tuft cell,batch_heldout,outputs\tabula_small_intestine\batch_heldout_seed42_intestinal_tuft_cell_rare10pct,success,,2.300962488721768,24282,9715,315,23998,31,31,train_predictions.is_labeled_for_scanvi,0.0,True,val baseline 零漏判稀有,0.0,inf,,,,True,True,current_formal_replay,6353,65,6288,0,0,0,0,0,,,,0.0,0.0
tabula_small_intestine,42,all,intestinal tuft cell,batch_heldout,outputs\tabula_small_intestine\batch_heldout_seed42_intestinal_tuft_cell_rareall,success,,2.447742762390442,24282,9715,315,24282,315,315,train_predictions.is_labeled_for_scanvi,0.0,True,val baseline 零漏判稀有,0.0,inf,,,,True,True,current_formal_replay,6353,65,6288,0,0,0,0,0,,,,0.0,0.0
tabula_small_intestine,43,0.01,intestinal tuft cell,batch_heldout,outputs\tabula_small_intestine\batch_heldout_seed43_intestinal_tuft_cell_rare1pct,success,,2.593703236541538,24282,9715,315,23972,5,5,train_predictions.is_labeled_for_scanvi,0.0,True,val baseline 零漏判稀有,0.0,inf,,,,True,True,current_formal_replay,6353,65,6288,0,0,0,0,0,,,,0.0,0.0
tabula_small_intestine,43,0.05,intestinal tuft cell,batch_heldout,outputs\tabula_small_intestine\batch_heldout_seed43_intestinal_tuft_cell_rare5pct,success,,2.4085700798707195,24282,9715,315,23982,15,15,train_predictions.is_labeled_for_scanvi,0.0,True,val baseline 零漏判稀有,0.0,inf,,,,True,True,current_formal_replay,6353,65,6288,0,0,0,0,0,,,,0.0,0.0
tabula_small_intestine,43,0.10,intestinal tuft cell,batch_heldout,outputs\tabula_small_intestine\batch_heldout_seed43_intestinal_tuft_cell_rare10pct,success,,3.2691004569904565,24282,9715,315,23998,31,31,train_predictions.is_labeled_for_scanvi,0.0,True,val baseline 零漏判稀有,0.0,inf,,,,True,True,current_formal_replay,6353,65,6288,0,0,0,0,0,,,,0.0,0.0
tabula_small_intestine,43,all,intestinal tuft cell,batch_heldout,outputs\tabula_small_intestine\batch_heldout_seed43_intestinal_tuft_cell_rareall,success,,2.6232210164889778,24282,9715,315,24282,315,315,train_predictions.is_labeled_for_scanvi,0.0,True,val baseline 零漏判稀有,0.0,inf,,,,True,True,current_formal_replay,6353,65,6288,0,0,0,0,0,,,,0.0,0.0
tabula_small_intestine,44,0.01,intestinal tuft cell,batch_heldout,outputs\tabula_small_intestine\batch_heldout_seed44_intestinal_tuft_cell_rare1pct,success,,2.5892390794116107,24282,9715,315,23972,5,5,train_predictions.is_labeled_for_scanvi,1.0,True,val_missed=1 < MIN_VAL_MISSED=3,0.0,inf,,,,True,True,current_formal_replay,6353,65,6288,0,0,0,0,0,,,,0.0,0.0
tabula_small_intestine,44,0.05,intestinal tuft cell,batch_heldout,outputs\tabula_small_intestine\batch_heldout_seed44_intestinal_tuft_cell_rare5pct,success,,2.1813213226581936,24282,9715,315,23982,15,15,train_predictions.is_labeled_for_scanvi,0.0,True,val baseline 零漏判稀有,0.0,inf,,,,True,True,current_formal_replay,6353,65,6288,0,0,0,0,0,,,,0.0,0.0
tabula_small_intestine,44,0.10,intestinal tuft cell,batch_heldout,outputs\tabula_small_intestine\batch_heldout_seed44_intestinal_tuft_cell_rare10pct,success,,2.6334700238982136,24282,9715,315,23998,31,31,train_predictions.is_labeled_for_scanvi,0.0,True,val baseline 零漏判稀有,0.0,inf,,,,True,True,current_formal_replay,6353,65,6288,0,0,0,0,0,,,,0.0,0.0
tabula_small_intestine,44,all,intestinal tuft cell,batch_heldout,outputs\tabula_small_intestine\batch_heldout_seed44_intestinal_tuft_cell_rareall,success,,2.3481522342712147,24282,9715,315,24282,315,315,train_predictions.is_labeled_for_scanvi,0.0,True,val baseline 零漏判稀有,0.0,inf,,,,True,True,current_formal_replay,6353,65,6288,0,0,0,0,0,,,,0.0,0.0
mouse_lung_tms_10x,42,0.01,vein endothelial cell,batch_heldout,outputs\mouse_lung_tms_10x\batch_heldout_seed42_vein_endothelial_cell_rare1pct,success,,2.388498718008568,21585,1584,213,21377,5,5,train_predictions.is_labeled_for_scanvi,56.0,False,rescue_applied,1.0,0.04914470349079188,8.0,8.0,0.0,True,True,current_formal_replay,1367,51,1316,51,7,0,7,44,0.13725490196078433,1.0,0.0,0.0,0.0
mouse_lung_tms_10x,42,0.05,vein endothelial cell,batch_heldout,outputs\mouse_lung_tms_10x\batch_heldout_seed42_vein_endothelial_cell_rare5pct,success,,1.1875598337377935,21585,1584,213,21382,10,10,train_predictions.is_labeled_for_scanvi,,True,sep<1.3,0.0,inf,,,,True,True,current_formal_replay,1367,51,1316,51,0,0,0,51,0.0,,,0.0,0.0
mouse_lung_tms_10x,42,0.10,vein endothelial cell,batch_heldout,outputs\mouse_lung_tms_10x\batch_heldout_seed42_vein_endothelial_cell_rare10pct,success,,1.3128199203034743,21585,1584,213,21393,21,21,train_predictions.is_labeled_for_scanvi,37.0,False,rescue_applied,1.0,0.1013780916646144,19.0,16.0,3.0,True,True,current_formal_replay,1367,51,1316,37,15,1,16,22,0.40540540540540543,0.9375,0.0625,0.0007598784194528875,0.0007598784194528875
mouse_lung_tms_10x,42,all,vein endothelial cell,batch_heldout,outputs\mouse_lung_tms_10x\batch_heldout_seed42_vein_endothelial_cell_rareall,success,,1.2083994033024412,21585,1584,213,21585,213,213,train_predictions.is_labeled_for_scanvi,,True,sep<1.3,0.0,inf,,,,True,True,current_formal_replay,1367,51,1316,17,0,0,0,17,0.0,,,0.0,0.0
mouse_lung_tms_10x,43,0.01,vein endothelial cell,batch_heldout,outputs\mouse_lung_tms_10x\batch_heldout_seed43_vein_endothelial_cell_rare1pct,success,,1.0977409329134968,21585,1584,213,21377,5,5,train_predictions.is_labeled_for_scanvi,,True,sep<1.3,0.0,inf,,,,True,True,current_formal_replay,1367,51,1316,51,0,0,0,51,0.0,,,0.0,0.0
mouse_lung_tms_10x,43,0.05,vein endothelial cell,batch_heldout,outputs\mouse_lung_tms_10x\batch_heldout_seed43_vein_endothelial_cell_rare5pct,success,,1.1049478186428947,21585,1584,213,21382,10,10,train_predictions.is_labeled_for_scanvi,,True,sep<1.3,0.0,inf,,,,True,True,current_formal_replay,1367,51,1316,51,0,0,0,51,0.0,,,0.0,0.0
mouse_lung_tms_10x,43,0.10,vein endothelial cell,batch_heldout,outputs\mouse_lung_tms_10x\batch_heldout_seed43_vein_endothelial_cell_rare10pct,success,,1.2438605785387364,21585,1584,213,21393,21,21,train_predictions.is_labeled_for_scanvi,,True,sep<1.3,0.0,inf,,,,True,True,current_formal_replay,1367,51,1316,51,0,0,0,51,0.0,,,0.0,0.0
mouse_lung_tms_10x,43,all,vein endothelial cell,batch_heldout,outputs\mouse_lung_tms_10x\batch_heldout_seed43_vein_endothelial_cell_rareall,success,,1.2406961329842556,21585,1584,213,21585,213,213,train_predictions.is_labeled_for_scanvi,,True,sep<1.3,0.0,inf,,,,True,True,current_formal_replay,1367,51,1316,14,0,0,0,14,0.0,,,0.0,0.0
mouse_lung_tms_10x,44,0.01,vein endothelial cell,batch_heldout,outputs\mouse_lung_tms_10x\batch_heldout_seed44_vein_endothelial_cell_rare1pct,success,,1.5318534251918745,21585,1584,213,21377,5,5,train_predictions.is_labeled_for_scanvi,56.0,False,rescue_applied,1.0,0.07470159213855895,13.0,12.0,1.0,True,True,current_formal_replay,1367,51,1316,51,11,1,12,40,0.21568627450980393,0.9166666666666666,0.08333333333333333,0.0007598784194528875,0.0007598784194528875
mouse_lung_tms_10x,44,0.05,vein endothelial cell,batch_heldout,outputs\mouse_lung_tms_10x\batch_heldout_seed44_vein_endothelial_cell_rare5pct,success,,1.4965780934401962,21585,1584,213,21382,10,10,train_predictions.is_labeled_for_scanvi,54.0,False,rescue_applied,1.0,0.07752235151801837,22.0,21.0,1.0,True,True,current_formal_replay,1367,51,1316,50,16,1,17,34,0.32,0.9411764705882353,0.058823529411764705,0.0007598784194528875,0.0007598784194528875
mouse_lung_tms_10x,44,0.10,vein endothelial cell,batch_heldout,outputs\mouse_lung_tms_10x\batch_heldout_seed44_vein_endothelial_cell_rare10pct,success,,1.1494793580400469,21585,1584,213,21393,21,21,train_predictions.is_labeled_for_scanvi,,True,sep<1.3,0.0,inf,,,,True,True,current_formal_replay,1367,51,1316,33,0,0,0,33,0.0,,,0.0,0.0
mouse_lung_tms_10x,44,all,vein endothelial cell,batch_heldout,outputs\mouse_lung_tms_10x\batch_heldout_seed44_vein_endothelial_cell_rareall,success,,1.3019072397755551,21585,1584,213,21585,213,213,train_predictions.is_labeled_for_scanvi,6.0,False,rescue_applied,1.0,0.0963199188884463,3.0,1.0,2.0,True,True,current_formal_replay,1367,51,1316,9,1,2,3,8,0.1111111111111111,0.3333333333333333,0.6666666666666666,0.001519756838905775,0.001519756838905775
mouse_pancreas_tms_10x,42,0.01,pancreatic D cell,batch_heldout,outputs\mouse_pancreas_tms_10x\batch_heldout_seed42_pancreatic_d_cell_rare1pct,success,,1.4183542774629148,4821,445,174,4652,5,5,train_predictions.is_labeled_for_scanvi,,,unavailable_historical_decision_metadata,,,,,,True,False,historical_counts_only,935,71,864,67,32,0,32,35,0.47761194029850745,1.0,0.0,0.0,0.0
mouse_pancreas_tms_10x,42,0.05,pancreatic D cell,batch_heldout,outputs\mouse_pancreas_tms_10x\batch_heldout_seed42_pancreatic_d_cell_rare5pct,success,,1.5822705115291735,4821,445,174,4655,8,8,train_predictions.is_labeled_for_scanvi,,,unavailable_historical_decision_metadata,,,,,,True,False,historical_counts_only,935,71,864,12,2,1,3,10,0.16666666666666666,0.6666666666666666,0.3333333333333333,0.0011574074074074073,0.0011574074074074073
mouse_pancreas_tms_10x,42,0.10,pancreatic D cell,batch_heldout,outputs\mouse_pancreas_tms_10x\batch_heldout_seed42_pancreatic_d_cell_rare10pct,success,,1.3580577898238686,4821,445,174,4664,17,17,train_predictions.is_labeled_for_scanvi,,,unavailable_historical_decision_metadata,,,,,,True,False,historical_counts_only,935,71,864,10,2,0,2,8,0.2,1.0,0.0,0.0,0.0
mouse_pancreas_tms_10x,42,all,pancreatic D cell,batch_heldout,outputs\mouse_pancreas_tms_10x\batch_heldout_seed42_pancreatic_d_cell_rareall,success,,1.3547237368304865,4821,445,174,4821,174,174,train_predictions.is_labeled_for_scanvi,3.0,True,no_feasible_rank,0.0,0.13621799424518755,,,,True,True,current_formal_replay,935,71,864,4,0,0,0,4,0.0,,,0.0,0.0
mouse_pancreas_tms_10x,43,0.01,pancreatic D cell,batch_heldout,outputs\mouse_pancreas_tms_10x\batch_heldout_seed43_pancreatic_d_cell_rare1pct,success,,1.6058894689214913,4821,445,174,4652,5,5,train_predictions.is_labeled_for_scanvi,,,unavailable_historical_decision_metadata,,,,,,True,False,historical_counts_only,935,71,864,44,31,4,35,13,0.7045454545454546,0.8857142857142857,0.11428571428571428,0.004629629629629629,0.004629629629629629
mouse_pancreas_tms_10x,43,0.05,pancreatic D cell,batch_heldout,outputs\mouse_pancreas_tms_10x\batch_heldout_seed43_pancreatic_d_cell_rare5pct,success,,1.6138353343939615,4821,445,174,4655,8,8,train_predictions.is_labeled_for_scanvi,,,unavailable_historical_decision_metadata,,,,,,True,False,historical_counts_only,935,71,864,20,7,3,10,13,0.35,0.7,0.3,0.003472222222222222,0.003472222222222222
mouse_pancreas_tms_10x,43,0.10,pancreatic D cell,batch_heldout,outputs\mouse_pancreas_tms_10x\batch_heldout_seed43_pancreatic_d_cell_rare10pct,success,,1.4506834085291906,4821,445,174,4664,17,17,train_predictions.is_labeled_for_scanvi,,,unavailable_historical_decision_metadata,,,,,,True,False,historical_counts_only,935,71,864,10,2,3,5,8,0.2,0.4,0.6,0.003472222222222222,0.003472222222222222
mouse_pancreas_tms_10x,43,all,pancreatic D cell,batch_heldout,outputs\mouse_pancreas_tms_10x\batch_heldout_seed43_pancreatic_d_cell_rareall,success,,1.3268278354603447,4821,445,174,4821,174,174,train_predictions.is_labeled_for_scanvi,,,unavailable_historical_decision_metadata,,,,,,True,False,historical_counts_only,935,71,864,4,1,4,5,3,0.25,0.2,0.8,0.004629629629629629,0.004629629629629629
mouse_pancreas_tms_10x,44,0.01,pancreatic D cell,batch_heldout,outputs\mouse_pancreas_tms_10x\batch_heldout_seed44_pancreatic_d_cell_rare1pct,success,,2.039264764430705,4821,445,174,4652,5,5,train_predictions.is_labeled_for_scanvi,,,unavailable_historical_decision_metadata,,,,,,True,False,historical_counts_only,935,71,864,32,23,7,30,9,0.71875,0.7666666666666667,0.23333333333333334,0.008101851851851851,0.008101851851851851
mouse_pancreas_tms_10x,44,0.05,pancreatic D cell,batch_heldout,outputs\mouse_pancreas_tms_10x\batch_heldout_seed44_pancreatic_d_cell_rare5pct,success,,1.8392907613264637,4821,445,174,4655,8,8,train_predictions.is_labeled_for_scanvi,,,unavailable_historical_decision_metadata,,,,,,True,False,historical_counts_only,935,71,864,12,6,1,7,6,0.5,0.8571428571428571,0.14285714285714285,0.0011574074074074073,0.0011574074074074073
mouse_pancreas_tms_10x,44,0.10,pancreatic D cell,batch_heldout,outputs\mouse_pancreas_tms_10x\batch_heldout_seed44_pancreatic_d_cell_rare10pct,success,,1.3266252133553051,4821,445,174,4664,17,17,train_predictions.is_labeled_for_scanvi,,,unavailable_historical_decision_metadata,,,,,,True,False,historical_counts_only,935,71,864,10,3,2,5,7,0.3,0.6,0.4,0.0023148148148148147,0.0023148148148148147
mouse_pancreas_tms_10x,44,all,pancreatic D cell,batch_heldout,outputs\mouse_pancreas_tms_10x\batch_heldout_seed44_pancreatic_d_cell_rareall,success,,1.3668491051721539,4821,445,174,4821,174,174,train_predictions.is_labeled_for_scanvi,,,unavailable_historical_decision_metadata,,,,,,True,False,historical_counts_only,935,71,864,4,2,3,5,2,0.5,0.4,0.6,0.003472222222222222,0.003472222222222222
