dataset,rare_class,rare_train_size,baseline_missed_rare_mean,baseline_missed_rare_std,baseline_missed_rare_min,baseline_missed_rare_max,true_rescues_mean,true_rescues_std,true_rescues_min,true_rescues_max,false_rescues_mean,false_rescues_std,false_rescues_min,false_rescues_max,all_rescues_mean,all_rescues_std,all_rescues_min,all_rescues_max,remaining_missed_rare_mean,remaining_missed_rare_std,remaining_missed_rare_min,remaining_missed_rare_max,recovery_rate_mean,recovery_rate_std,recovery_rate_min,recovery_rate_max,rescue_precision_mean,rescue_precision_std,rescue_precision_min,rescue_precision_max,rescue_fdp_mean,rescue_fdp_std,rescue_fdp_min,rescue_fdp_max,incremental_fpr_mean,incremental_fpr_std,incremental_fpr_min,incremental_fpr_max,n_seeds,n_abstain_known,n_abstain_true,n_abstain_false,n_abstain_unknown,n_current_replay,n_historical_counts_only,n_rescue_runs,n_recovery_rate_defined,n_rescue_precision_defined,n_rescue_fdp_defined
immune_dc,ASDC,0.01,130.0,0.0,130,130,112.66666666666667,5.131601439446882,107,117,0.3333333333333333,0.5773502691896258,0,1,113.0,5.291502622129181,107,117,17.333333333333332,5.131601439446884,13,23,0.8666666666666667,0.03947385722651451,0.823076923076923,0.9,0.9971014492753624,0.005020437123388013,0.991304347826087,1.0,0.002898550724637681,0.005020437123388051,0.0,0.008695652173913044,5.5518543193426606e-05,9.616093757322214e-05,0.0,0.00016655562958027982,3,3,0,3,0,3,0,3,3,3,3
immune_dc,ASDC,0.05,29.333333333333332,5.859465277082315,25,36,17.333333333333332,5.507570547286102,12,23,2.6666666666666665,2.0816659994661326,1,5,20.0,5.291502622129181,14,24,12.0,1.7320508075688772,10,13,0.5828395061728395,0.08918187311843515,0.48,0.6388888888888888,0.8627344877344877,0.09292928592715059,0.7727272727272727,0.9583333333333334,0.13726551226551226,0.09292928592715057,0.041666666666666664,0.22727272727272727,0.00044414834554741284,0.0003467131911169441,0.00016655562958027982,0.0008327781479013991,3,3,0,3,0,3,0,3,3,3,3
immune_dc,ASDC,0.10,21.0,5.291502622129181,17,27,10.0,2.0,8,12,3.0,1.7320508075688772,2,5,13.0,2.6457513110645907,10,15,11.0,3.4641016151377544,9,15,0.4804494897374154,0.04181701255016672,0.4444444444444444,0.5263157894736842,0.7746031746031745,0.09774478932279775,0.6666666666666666,0.8571428571428571,0.2253968253968254,0.09774478932279779,0.14285714285714285,0.3333333333333333,0.0004996668887408394,0.0002884828127196664,0.00033311125916055963,0.0008327781479013991,3,3,0,3,0,3,0,3,3,3,3
immune_dc,ASDC,all,11.333333333333334,1.5275252316519468,10,13,2.6666666666666665,1.1547005383792515,2,4,2.3333333333333335,3.2145502536643185,0,6,5.0,3.0,2,8,8.666666666666666,0.5773502691896255,8,9,0.22983682983682985,0.06803492634065078,0.18181818181818182,0.3076923076923077,0.6833333333333332,0.3883726732577014,0.25,1.0,0.31666666666666665,0.3883726732577015,0.0,0.75,0.0003886298023539862,0.0005354014413165086,0.0,0.000999333777481679,3,3,0,3,0,3,0,3,3,3,3
pancreas_baron,gamma,0.01,63.666666666666664,18.77054430040145,42,75,18.0,31.176914536239792,0,54,5.333333333333333,9.237604307034013,0,16,23.333333333333332,40.414518843273804,0,70,45.666666666666664,26.689573494781317,21,74,0.24,0.41569219381653055,0.0,0.72,0.7714285714285715,,0.7714285714285715,0.7714285714285715,0.22857142857142856,,0.22857142857142856,0.22857142857142856,0.003256003256003256,0.005639563069007333,0.0,0.009768009768009768,3,3,2,1,0,3,0,1,3,1,1
pancreas_baron,gamma,0.05,63.666666666666664,18.77054430040145,42,75,18.0,31.176914536239792,0,54,5.333333333333333,9.237604307034013,0,16,23.333333333333332,40.414518843273804,0,70,45.666666666666664,26.689573494781317,21,74,0.24,0.41569219381653055,0.0,0.72,0.7714285714285715,,0.7714285714285715,0.7714285714285715,0.22857142857142856,,0.22857142857142856,0.22857142857142856,0.003256003256003256,0.005639563069007333,0.0,0.009768009768009768,3,3,2,1,0,3,0,1,3,1,1
pancreas_baron,gamma,0.10,24.333333333333332,8.082903768654761,15,29,5.333333333333333,5.507570547286102,0,11,3.6666666666666665,4.041451884327381,0,8,9.0,9.539392014169456,0,19,19.0,4.58257569495584,15,24,0.1839080459770115,0.18991622576848627,0.0,0.3793103448275862,0.6019736842105263,0.03256412808095941,0.5789473684210527,0.625,0.3980263157894737,0.03256412808095941,0.375,0.42105263157894735,0.0022385022385022386,0.0024673088426907085,0.0,0.004884004884004884,3,3,1,2,0,3,0,2,3,2,2
pancreas_baron,gamma,all,9.0,3.0,6,12,0.0,0.0,0,0,0.0,0.0,0,0,0.0,0.0,0,0,9.0,3.0,6,12,0.0,0.0,0.0,0.0,,,,,,,,,0.0,0.0,0.0,0.0,3,3,3,0,0,3,0,0,3,0,0
pancreas_integrated,endothelial,0.01,7.666666666666667,13.279056191361391,0,23,7.666666666666667,13.279056191361391,0,23,0.0,0.0,0,0,7.666666666666667,13.279056191361391,0,23,0.0,0.0,0,0,1.0,,1.0,1.0,1.0,,1.0,1.0,0.0,,0.0,0.0,0.0,0.0,0.0,0.0,3,3,2,1,0,3,0,1,1,1,1
pancreas_integrated,endothelial,0.05,0.0,0.0,0,0,0.0,0.0,0,0,0.0,0.0,0,0,0.0,0.0,0,0,0.0,0.0,0,0,,,,,,,,,,,,,0.0,0.0,0.0,0.0,3,3,3,0,0,3,0,0,0,0,0
pancreas_integrated,endothelial,0.10,0.0,0.0,0,0,0.0,0.0,0,0,0.0,0.0,0,0,0.0,0.0,0,0,0.0,0.0,0,0,,,,,,,,,,,,,0.0,0.0,0.0,0.0,3,3,3,0,0,3,0,0,0,0,0
pancreas_integrated,endothelial,all,0.0,0.0,0,0,0.0,0.0,0,0,0.0,0.0,0,0,0.0,0.0,0,0,0.0,0.0,0,0,,,,,,,,,,,,,0.0,0.0,0.0,0.0,3,3,3,0,0,3,0,0,0,0,0
tabula_lung_endo,endothelial cell of lymphatic vessel,0.01,49.333333333333336,21.361959960016154,25,65,48.0,22.11334438749598,23,65,1.0,1.0,0,2,49.0,22.338307903688676,24,67,1.3333333333333333,1.1547005383792517,0,2,0.9618390804597702,0.040126632687188274,0.92,1.0,0.9761608623548922,0.021473992559834388,0.9583333333333334,1.0,0.023839137645107793,0.02147399255983441,0.0,0.041666666666666664,0.0005827505827505828,0.0005827505827505828,0.0,0.0011655011655011655,3,3,0,3,0,3,0,3,3,3,3
tabula_lung_endo,endothelial cell of lymphatic vessel,0.05,14.333333333333334,15.307950004273378,5,32,14.333333333333334,15.307950004273378,5,32,2.3333333333333335,2.0816659994661326,0,4,16.666666666666668,16.77299416721217,6,36,0.0,0.0,0,0,1.0,0.0,1.0,1.0,0.8379629629629629,0.19261707465476594,0.625,1.0,0.16203703703703703,0.19261707465476594,0.0,0.375,0.0013597513597513598,0.001213092074280963,0.0,0.002331002331002331,3,3,0,3,0,3,0,3,3,3,3
tabula_lung_endo,endothelial cell of lymphatic vessel,0.10,1.6666666666666667,0.5773502691896257,1,2,0.0,0.0,0,0,0.0,0.0,0,0,0.0,0.0,0,0,1.6666666666666667,0.5773502691896257,1,2,0.0,0.0,0.0,0.0,,,,,,,,,0.0,0.0,0.0,0.0,3,3,3,0,0,3,0,0,3,0,0
tabula_lung_endo,endothelial cell of lymphatic vessel,all,0.6666666666666666,1.1547005383792517,0,2,0.0,0.0,0,0,0.0,0.0,0,0,0.0,0.0,0,0,0.6666666666666666,1.1547005383792517,0,2,0.0,,0.0,0.0,,,,,,,,,0.0,0.0,0.0,0.0,3,3,3,0,0,3,0,0,1,0,0
tabula_sapiens_stomach,mast cell,0.01,17.666666666666668,2.516611478423583,15,20,4.0,3.0,1,7,0.0,0.0,0,0,4.0,3.0,1,7,13.666666666666666,0.5773502691896258,13,14,0.21296296296296294,0.14189342781104092,0.06666666666666667,0.35,1.0,0.0,1.0,1.0,0.0,0.0,0.0,0.0,0.0,0.0,0.0,0.0,3,3,0,3,0,3,0,3,3,3,3
tabula_sapiens_stomach,mast cell,0.05,17.666666666666668,2.516611478423583,15,20,4.0,3.0,1,7,0.0,0.0,0,0,4.0,3.0,1,7,13.666666666666666,0.5773502691896258,13,14,0.21296296296296294,0.14189342781104092,0.06666666666666667,0.35,1.0,0.0,1.0,1.0,0.0,0.0,0.0,0.0,0.0,0.0,0.0,0.0,3,3,0,3,0,3,0,3,3,3,3
tabula_sapiens_stomach,mast cell,0.10,17.666666666666668,2.516611478423583,15,20,4.0,3.0,1,7,0.0,0.0,0,0,4.0,3.0,1,7,13.666666666666666,0.5773502691896258,13,14,0.21296296296296294,0.14189342781104092,0.06666666666666667,0.35,1.0,0.0,1.0,1.0,0.0,0.0,0.0,0.0,0.0,0.0,0.0,0.0,3,3,0,3,0,3,0,3,3,3,3
tabula_sapiens_stomach,mast cell,all,19.333333333333332,4.163331998932265,16,24,5.333333333333333,3.5118845842842465,2,9,0.0,0.0,0,0,5.333333333333333,3.5118845842842465,2,9,14.0,1.0,13,15,0.25925925925925924,0.1260246073038537,0.125,0.375,1.0,0.0,1.0,1.0,0.0,0.0,0.0,0.0,0.0,0.0,0.0,0.0,3,3,0,3,0,3,0,3,3,3,3
tabula_small_intestine,intestinal tuft cell,0.01,0.0,0.0,0,0,0.0,0.0,0,0,0.0,0.0,0,0,0.0,0.0,0,0,0.0,0.0,0,0,,,,,,,,,,,,,0.0,0.0,0.0,0.0,3,3,3,0,0,3,0,0,0,0,0
tabula_small_intestine,intestinal tuft cell,0.05,0.0,0.0,0,0,0.0,0.0,0,0,0.0,0.0,0,0,0.0,0.0,0,0,0.0,0.0,0,0,,,,,,,,,,,,,0.0,0.0,0.0,0.0,3,3,3,0,0,3,0,0,0,0,0
tabula_small_intestine,intestinal tuft cell,0.10,0.0,0.0,0,0,0.0,0.0,0,0,0.0,0.0,0,0,0.0,0.0,0,0,0.0,0.0,0,0,,,,,,,,,,,,,0.0,0.0,0.0,0.0,3,3,3,0,0,3,0,0,0,0,0
tabula_small_intestine,intestinal tuft cell,all,0.0,0.0,0,0,0.0,0.0,0,0,0.0,0.0,0,0,0.0,0.0,0,0,0.0,0.0,0,0,,,,,,,,,,,,,0.0,0.0,0.0,0.0,3,3,3,0,0,3,0,0,0,0,0
mouse_lung_tms_10x,vein endothelial cell,0.01,51.0,0.0,51,51,6.0,5.5677643628300215,0,11,0.3333333333333333,0.5773502691896258,0,1,6.333333333333333,6.027713773341707,0,12,45.0,5.5677643628300215,40,51,0.11764705882352942,0.10917185025156907,0.0,0.21568627450980393,0.9583333333333333,0.058925565098878946,0.9166666666666666,1.0,0.041666666666666664,0.05892556509887896,0.0,0.08333333333333333,0.00025329280648429586,0.000438716010022512,0.0,0.0007598784194528875,3,3,1,2,0,3,0,2,3,2,2
mouse_lung_tms_10x,vein endothelial cell,0.05,50.666666666666664,0.5773502691896247,50,51,5.333333333333333,9.237604307034013,0,16,0.3333333333333333,0.5773502691896258,0,1,5.666666666666667,9.814954576223638,0,17,45.333333333333336,9.81495457622364,34,51,0.10666666666666667,0.18475208614068026,0.0,0.32,0.9411764705882353,,0.9411764705882353,0.9411764705882353,0.058823529411764705,,0.058823529411764705,0.058823529411764705,0.00025329280648429586,0.000438716010022512,0.0,0.0007598784194528875,3,3,2,1,0,3,0,1,3,1,1
mouse_lung_tms_10x,vein endothelial cell,0.10,40.333333333333336,9.451631252505218,33,51,5.0,8.660254037844387,0,15,0.3333333333333333,0.5773502691896258,0,1,5.333333333333333,9.237604307034013,0,16,35.333333333333336,14.6401275039985,22,51,0.13513513513513514,0.2340609199417402,0.0,0.40540540540540543,0.9375,,0.9375,0.9375,0.0625,,0.0625,0.0625,0.00025329280648429586,0.000438716010022512,0.0,0.0007598784194528875,3,3,2,1,0,3,0,1,3,1,1
mouse_lung_tms_10x,vein endothelial cell,all,13.333333333333334,4.041451884327381,9,17,0.3333333333333333,0.5773502691896258,0,1,0.6666666666666666,1.1547005383792517,0,2,1.0,1.7320508075688772,0,3,13.0,4.58257569495584,8,17,0.037037037037037035,0.06415002990995841,0.0,0.1111111111111111,0.3333333333333333,,0.3333333333333333,0.3333333333333333,0.6666666666666666,,0.6666666666666666,0.6666666666666666,0.0005065856129685917,0.000877432020045024,0.0,0.001519756838905775,3,3,2,1,0,3,0,1,3,1,1
mouse_pancreas_tms_10x,pancreatic D cell,0.01,47.666666666666664,17.7857620959388,32,67,28.666666666666668,4.932882862316248,23,32,3.6666666666666665,3.511884584284246,0,7,32.333333333333336,2.516611478423584,30,35,19.0,14.0,9,35,0.6336357982813207,0.135307152334137,0.47761194029850745,0.71875,0.8841269841269841,0.11667476486309235,0.7666666666666667,1.0,0.11587301587301586,0.11667476486309239,0.0,0.23333333333333334,0.004243827160493827,0.00406468123181047,0.0,0.008101851851851851,3,0,0,0,3,0,3,3,3,3,3
mouse_pancreas_tms_10x,pancreatic D cell,0.05,14.666666666666666,4.618802153517006,12,20,5.0,2.6457513110645907,2,7,1.6666666666666667,1.1547005383792517,1,3,6.666666666666667,3.5118845842842465,3,10,9.666666666666666,3.511884584284246,6,13,0.33888888888888885,0.16694421334796358,0.16666666666666666,0.5,0.7412698412698413,0.10172361885721971,0.6666666666666666,0.8571428571428571,0.2587301587301587,0.10172361885721977,0.14285714285714285,0.3333333333333333,0.0019290123456790122,0.001336458956457467,0.0011574074074074073,0.003472222222222222,3,0,0,0,3,0,3,3,3,3,3
mouse_pancreas_tms_10x,pancreatic D cell,0.10,10.0,0.0,10,10,2.3333333333333335,0.5773502691896257,2,3,1.6666666666666667,1.5275252316519468,0,3,4.0,1.7320508075688772,2,5,7.666666666666667,0.5773502691896258,7,8,0.2333333333333333,0.05773502691896256,0.2,0.3,0.6666666666666666,0.3055050463303893,0.4,1.0,0.3333333333333333,0.30550504633038933,0.0,0.6,0.0019290123456790122,0.001767969018115679,0.0,0.003472222222222222,3,0,0,0,3,0,3,3,3,3,3
mouse_pancreas_tms_10x,pancreatic D cell,all,4.0,0.0,4,4,1.0,1.0,0,2,2.3333333333333335,2.0816659994661326,0,4,3.3333333333333335,2.8867513459481287,0,5,3.0,1.0,2,4,0.25,0.25,0.0,0.5,0.30000000000000004,0.1414213562373095,0.2,0.4,0.7,0.14142135623730953,0.6,0.8,0.002700617283950617,0.0024093356475302463,0.0,0.004629629629629629,3,1,1,0,2,1,2,2,3,2,2
